tr_id,tau,xi,y_sys,y_phase
0,0.000000,1.000000,1.000000,1.000000
0,0.010000,1.009950,0.989950,0.989950
0,0.020000,1.019799,0.979801,0.979801
0,0.030000,1.029546,0.969555,0.969555
0,0.040000,1.039189,0.959211,0.959211
0,0.050000,1.048729,0.948771,0.948771
0,0.060000,1.058165,0.938237,0.938237
0,0.070000,1.067494,0.927608,0.927608
0,0.080000,1.076716,0.916887,0.916887
0,0.090000,1.085831,0.906074,0.906074
0,0.100000,1.094838,0.895171,0.895171
0,0.110000,1.103734,0.884178,0.884178
0,0.120000,1.112521,0.873096,0.873096
0,0.130000,1.121196,0.861928,0.861928
0,0.140000,1.129759,0.850673,0.850673
0,0.150000,1.138209,0.839333,0.839333
0,0.160000,1.146545,0.827909,0.827909
0,0.170000,1.154767,0.816402,0.816402
0,0.180000,1.162873,0.804814,0.804814
0,0.190000,1.170863,0.793145,0.793145
0,0.200000,1.178736,0.781397,0.781397
0,0.210000,1.186491,0.769571,0.769571
0,0.220000,1.194127,0.757668,0.757668
0,0.230000,1.201644,0.745689,0.745689
0,0.240000,1.209041,0.733635,0.733635
0,0.250000,1.216316,0.721508,0.721508
0,0.260000,1.223471,0.709309,0.709309
0,0.270000,1.230502,0.697039,0.697039
0,0.280000,1.237411,0.684700,0.684700
0,0.290000,1.244196,0.672292,0.672292
0,0.300000,1.250857,0.659816,0.659816
0,0.310000,1.257392,0.647275,0.647275
0,0.320000,1.263802,0.634669,0.634669
0,0.330000,1.270085,0.621999,0.621999
0,0.340000,1.276242,0.609268,0.609268
0,0.350000,1.282271,0.596475,0.596475
0,0.360000,1.288171,0.583623,0.583623
0,0.370000,1.293943,0.570712,0.570712
0,0.380000,1.299585,0.557744,0.557744
0,0.390000,1.305097,0.544721,0.544721
0,0.400000,1.310479,0.531643,0.531643
0,0.410000,1.315730,0.518511,0.518511
0,0.420000,1.320849,0.505328,0.505328
0,0.430000,1.325837,0.492095,0.492095
0,0.440000,1.330691,0.478812,0.478812
0,0.450000,1.335413,0.465482,0.465482
0,0.460000,1.340001,0.452104,0.452104
0,0.470000,1.344455,0.438682,0.438682
0,0.480000,1.348774,0.425216,0.425216
0,0.490000,1.352959,0.411707,0.411707
0,0.500000,1.357008,0.398157,0.398157
0,0.510000,1.360922,0.384567,0.384567
0,0.520000,1.364699,0.370939,0.370939
0,0.530000,1.368340,0.357274,0.357274
0,0.540000,1.371845,0.343573,0.343573
0,0.550000,1.375212,0.329837,0.329837
0,0.560000,1.378441,0.316069,0.316069
0,0.570000,1.381533,0.302269,0.302269
0,0.580000,1.384487,0.288439,0.288439
0,0.590000,1.387302,0.274580,0.274580
0,0.600000,1.389978,0.260693,0.260693
0,0.610000,1.392515,0.246781,0.246781
0,0.620000,1.394914,0.232843,0.232843
0,0.630000,1.397172,0.218883,0.218883
0,0.640000,1.399291,0.204900,0.204900
0,0.650000,1.401270,0.190897,0.190897
0,0.660000,1.403109,0.176875,0.176875
0,0.670000,1.404808,0.162836,0.162836
0,0.680000,1.406366,0.148780,0.148780
0,0.690000,1.407783,0.134709,0.134709
0,0.700000,1.409060,0.120625,0.120624
0,0.710000,1.410196,0.106528,0.106528
0,0.720000,1.411190,0.092421,0.092421
0,0.730000,1.412044,0.078305,0.078304
0,0.740000,1.412756,0.064181,0.064179
0,0.750000,1.413328,0.050050,0.050048
0,0.760000,1.413757,0.035915,0.035909
0,0.770000,1.414046,0.021775,0.021757
0,0.780000,1.414193,0.007634,0.007548
0,0.790000,1.414199,-0.006508,0.006406
0,0.800000,1.414063,-0.020649,0.021601
0,0.810000,1.413786,-0.034789,0.035387
0,0.820000,1.413367,-0.048925,0.049356
0,0.830000,1.412807,-0.063056,0.063392
0,0.840000,1.412106,-0.077180,0.077456
0,0.850000,1.411264,-0.091297,0.091531
0,0.860000,1.410280,-0.105405,0.105608
0,0.870000,1.409155,-0.119502,0.119681
0,0.880000,1.407890,-0.133588,0.133748
0,0.890000,1.406484,-0.147660,0.147805
0,0.900000,1.404937,-0.161717,0.161849
0,0.910000,1.403249,-0.175758,0.175880
0,0.920000,1.401422,-0.189781,0.189894
0,0.930000,1.399454,-0.203786,0.203891
0,0.940000,1.397346,-0.217770,0.217868
0,0.950000,1.395099,-0.231732,0.231825
0,0.960000,1.392712,-0.245672,0.245759
0,0.970000,1.390185,-0.259586,0.259669
0,0.980000,1.387520,-0.273475,0.273553
0,0.990000,1.384716,-0.287336,0.287411
0,1.000000,1.381773,-0.301169,0.301240
0,1.010000,1.378693,-0.314971,0.315039
0,1.020000,1.375474,-0.328742,0.328807
0,1.030000,1.372118,-0.342480,0.342543
0,1.040000,1.368624,-0.356184,0.356244
0,1.050000,1.364994,-0.369852,0.369910
0,1.060000,1.361228,-0.383483,0.383539
0,1.070000,1.357325,-0.397076,0.397130
0,1.080000,1.353286,-0.410629,0.410682
0,1.090000,1.349112,-0.424142,0.424192
0,1.100000,1.344803,-0.437611,0.437660
0,1.110000,1.340360,-0.451037,0.451085
0,1.120000,1.335783,-0.464418,0.464464
0,1.130000,1.331072,-0.477752,0.477797
0,1.140000,1.326228,-0.491039,0.491083
0,1.150000,1.321251,-0.504276,0.504319
0,1.160000,1.316143,-0.517464,0.517505
0,1.170000,1.310902,-0.530599,0.530639
0,1.180000,1.305531,-0.543681,0.543721
0,1.190000,1.300029,-0.556709,0.556748
0,1.200000,1.294397,-0.569681,0.569719
0,1.210000,1.288635,-0.582597,0.582633
0,1.220000,1.282745,-0.595454,0.595490
0,1.230000,1.276727,-0.608251,0.608286
0,1.240000,1.270580,-0.620988,0.621022
0,1.250000,1.264307,-0.633662,0.633696
0,1.260000,1.257907,-0.646273,0.646307
0,1.270000,1.251382,-0.658820,0.658852
0,1.280000,1.244731,-0.671301,0.671333
0,1.290000,1.237956,-0.683714,0.683746
0,1.300000,1.231057,-0.696059,0.696090
0,1.310000,1.224035,-0.708335,0.708365
0,1.320000,1.216891,-0.720540,0.720569
0,1.330000,1.209624,-0.732672,0.732702
0,1.340000,1.202237,-0.744732,0.744760
0,1.350000,1.194730,-0.756717,0.756745
0,1.360000,1.187103,-0.768626,0.768654
0,1.370000,1.179358,-0.780458,0.780486
0,1.380000,1.171494,-0.792213,0.792240
0,1.390000,1.163514,-0.803888,0.803914
0,1.400000,1.155417,-0.815483,0.815509
0,1.410000,1.147204,-0.826996,0.827022
0,1.420000,1.138877,-0.838426,0.838452
0,1.430000,1.130436,-0.849773,0.849798
0,1.440000,1.121882,-0.861035,0.861060
0,1.450000,1.113216,-0.872210,0.872235
0,1.460000,1.104438,-0.883299,0.883323
0,1.470000,1.095550,-0.894299,0.894323
0,1.480000,1.086552,-0.905209,0.905233
0,1.490000,1.077446,-0.916029,0.916053
0,1.500000,1.068232,-0.926758,0.926781
0,1.510000,1.058911,-0.937394,0.937416
0,1.520000,1.049485,-0.947936,0.947958
0,1.530000,1.039953,-0.958383,0.958405
0,1.540000,1.030317,-0.968734,0.968756
0,1.550000,1.020579,-0.978989,0.979011
0,1.560000,1.010738,-0.989146,0.989167
0,1.570000,1.000796,-0.999203,0.999225
0,1.580000,0.990754,-1.009161,1.009182
0,1.590000,0.980613,-1.019018,1.019039
0,1.600000,0.970374,-1.028773,1.028794
0,1.610000,0.960038,-1.038425,1.038446
0,1.620000,0.949606,-1.047974,1.047994
0,1.630000,0.939079,-1.057417,1.057437
0,1.640000,0.928458,-1.066755,1.066775
0,1.650000,0.917744,-1.075986,1.076006
0,1.660000,0.906939,-1.085109,1.085129
0,1.670000,0.896042,-1.094124,1.094144
0,1.680000,0.885056,-1.103030,1.103049
0,1.690000,0.873982,-1.111825,1.111844
0,1.700000,0.862820,-1.120509,1.120528
0,1.710000,0.851572,-1.129081,1.129100
0,1.720000,0.840239,-1.137540,1.137559
0,1.730000,0.828822,-1.145886,1.145905
0,1.740000,0.817322,-1.154117,1.154135
0,1.750000,0.805740,-1.162232,1.162250
0,1.760000,0.794077,-1.170231,1.170249
0,1.770000,0.782336,-1.178113,1.178131
0,1.780000,0.770516,-1.185878,1.185896
0,1.790000,0.758619,-1.193523,1.193541
0,1.800000,0.746646,-1.201050,1.201068
0,1.810000,0.734598,-1.208456,1.208474
0,1.820000,0.722477,-1.215741,1.215759
0,1.830000,0.710283,-1.222905,1.222923
0,1.840000,0.698019,-1.229947,1.229964
0,1.850000,0.685685,-1.236865,1.236883
0,1.860000,0.673282,-1.243660,1.243678
0,1.870000,0.660812,-1.250331,1.250348
0,1.880000,0.648276,-1.256876,1.256893
0,1.890000,0.635675,-1.263296,1.263313
0,1.900000,0.623011,-1.269590,1.269607
0,1.910000,0.610284,-1.275756,1.275773
0,1.920000,0.597496,-1.281795,1.281812
0,1.930000,0.584648,-1.287706,1.287723
0,1.940000,0.571742,-1.293488,1.293504
0,1.950000,0.558779,-1.299141,1.299157
0,1.960000,0.545760,-1.304663,1.304680
0,1.970000,0.532686,-1.310056,1.310072
0,1.980000,0.519559,-1.315317,1.315333
0,1.990000,0.506380,-1.320447,1.320463
0,2.000000,0.493151,-1.325444,1.325460
0,2.010000,0.479872,-1.330309,1.330326
0,2.020000,0.466545,-1.335042,1.335058
0,2.030000,0.453171,-1.339640,1.339656
0,2.040000,0.439752,-1.344105,1.344121
0,2.050000,0.426290,-1.348435,1.348451
0,2.060000,0.412784,-1.352630,1.352646
0,2.070000,0.399238,-1.356691,1.356706
0,2.080000,0.385651,-1.360615,1.360631
0,2.090000,0.372026,-1.364403,1.364419
0,2.100000,0.358363,-1.368055,1.368071
0,2.110000,0.344665,-1.371571,1.371586
0,2.120000,0.330932,-1.374949,1.374964
0,2.130000,0.317167,-1.378189,1.378205
0,2.140000,0.303369,-1.381292,1.381307
0,2.150000,0.289541,-1.384256,1.384272
0,2.160000,0.275684,-1.387083,1.387098
0,2.170000,0.261800,-1.389770,1.389785
0,2.180000,0.247889,-1.392319,1.392334
0,2.190000,0.233954,-1.394728,1.394743
0,2.200000,0.219995,-1.396998,1.397013
0,2.210000,0.206015,-1.399128,1.399143
0,2.220000,0.192013,-1.401118,1.401133
0,2.230000,0.177993,-1.402968,1.402983
0,2.240000,0.163954,-1.404678,1.404693
0,2.250000,0.149900,-1.406247,1.406262
0,2.260000,0.135830,-1.407675,1.407691
0,2.270000,0.121747,-1.408963,1.408979
0,2.280000,0.107651,-1.410110,1.410126
0,2.290000,0.093545,-1.411116,1.411132
0,2.300000,0.079429,-1.411981,1.411996
0,2.310000,0.065306,-1.412705,1.412720
0,2.320000,0.051176,-1.413287,1.413302
0,2.330000,0.037040,-1.413728,1.413744
0,2.340000,0.022901,-1.414028,1.414043
0,2.350000,0.008760,-1.414186,1.414202
0,2.360000,-0.005382,-1.414203,1.414218
0,2.370000,-0.019523,-1.414079,1.414094
0,2.380000,-0.033663,-1.413813,1.413828
0,2.390000,-0.047799,-1.413406,1.413421
0,2.400000,-0.061931,-1.412857,1.412872
0,2.410000,-0.076056,-1.412167,1.412182
0,2.420000,-0.090173,-1.411336,1.411351
0,2.430000,-0.104282,-1.410364,1.410379
0,2.440000,-0.118380,-1.409250,1.409265
0,2.450000,-0.132467,-1.407996,1.408011
0,2.460000,-0.146540,-1.406601,1.406616
0,2.470000,-0.160598,-1.405065,1.405080
0,2.480000,-0.174640,-1.403389,1.403404
0,2.490000,-0.188665,-1.401572,1.401588
0,2.500000,-0.202671,-1.399616,1.399631
0,2.510000,-0.216657,-1.397519,1.397534
0,2.520000,-0.230621,-1.395283,1.395298
0,2.530000,-0.244562,-1.392907,1.392922
0,2.540000,-0.258479,-1.390392,1.390407
0,2.550000,-0.272370,-1.387737,1.387753
0,2.560000,-0.286233,-1.384944,1.384960
0,2.570000,-0.300068,-1.382013,1.382028
0,2.580000,-0.313873,-1.378943,1.378958
0,2.590000,-0.327647,-1.375735,1.375751
0,2.600000,-0.341387,-1.372390,1.372406
0,2.610000,-0.355094,-1.368908,1.368923
0,2.620000,-0.368765,-1.365288,1.365304
0,2.630000,-0.382399,-1.361533,1.361548
0,2.640000,-0.395995,-1.357641,1.357656
0,2.650000,-0.409552,-1.353613,1.353629
0,2.660000,-0.423067,-1.349450,1.349465
0,2.670000,-0.436540,-1.345152,1.345167
0,2.680000,-0.449970,-1.340719,1.340735
0,2.690000,-0.463354,-1.336152,1.336168
0,2.700000,-0.476692,-1.331452,1.331468
0,2.710000,-0.489983,-1.326619,1.326635
0,2.720000,-0.503224,-1.321653,1.321669
0,2.730000,-0.516415,-1.316554,1.316571
0,2.740000,-0.529555,-1.311324,1.311341
0,2.750000,-0.542641,-1.305963,1.305980
0,2.760000,-0.555674,-1.300472,1.300488
0,2.770000,-0.568650,-1.294850,1.294867
0,2.780000,-0.581570,-1.289099,1.289116
0,2.790000,-0.594432,-1.283219,1.283236
0,2.800000,-0.607234,-1.277210,1.277227
0,2.810000,-0.619976,-1.271074,1.271091
0,2.820000,-0.632655,-1.264811,1.264828
0,2.830000,-0.645272,-1.258421,1.258439
0,2.840000,-0.657823,-1.251906,1.251923
0,2.850000,-0.670309,-1.245265,1.245282
0,2.860000,-0.682728,-1.238500,1.238517
0,2.870000,-0.695079,-1.231611,1.231628
0,2.880000,-0.707360,-1.224599,1.224616
0,2.890000,-0.719570,-1.217464,1.217482
0,2.900000,-0.731709,-1.210207,1.210225
0,2.910000,-0.743774,-1.202830,1.202848
0,2.920000,-0.755765,-1.195332,1.195350
0,2.930000,-0.767680,-1.187715,1.187733
0,2.940000,-0.779519,-1.179979,1.179997
0,2.950000,-0.791280,-1.172125,1.172143
0,2.960000,-0.802961,-1.164154,1.164172
0,2.970000,-0.814562,-1.156066,1.156084
0,2.980000,-0.826082,-1.147863,1.147881
0,2.990000,-0.837519,-1.139545,1.139563
0,3.000000,-0.848872,-1.131113,1.131131
0,3.010000,-0.860141,-1.122567,1.122586
0,3.020000,-0.871323,-1.113910,1.113929
0,3.030000,-0.882419,-1.105141,1.105161
0,3.040000,-0.893426,-1.096262,1.096281
0,3.050000,-0.904344,-1.087273,1.087293
0,3.060000,-0.915171,-1.078175,1.078195
0,3.070000,-0.925907,-1.068970,1.068990
0,3.080000,-0.936550,-1.059657,1.059678
0,3.090000,-0.947100,-1.050239,1.050260
0,3.100000,-0.957554,-1.040716,1.040736
0,3.110000,-0.967914,-1.031088,1.031109
0,3.120000,-0.978176,-1.021358,1.021379
0,3.130000,-0.988340,-1.011525,1.011546
0,3.140000,-0.998406,-1.001591,1.001613
0,3.150000,-1.008372,-0.991557,0.991579
0,3.160000,-1.018237,-0.981424,0.981446
0,3.170000,-1.028000,-0.971193,0.971215
0,3.180000,-1.037660,-0.960865,0.960887
0,3.190000,-1.047217,-0.950440,0.950463
0,3.200000,-1.056669,-0.939921,0.939943
0,3.210000,-1.066015,-0.929307,0.929330
0,3.220000,-1.075255,-0.918601,0.918624
0,3.230000,-1.084387,-0.907802,0.907826
0,3.240000,-1.093410,-0.896913,0.896937
0,3.250000,-1.102325,-0.885935,0.885959
0,3.260000,-1.111129,-0.874867,0.874892
0,3.270000,-1.119822,-0.863712,0.863737
0,3.280000,-1.128403,-0.852471,0.852496
0,3.290000,-1.136871,-0.841145,0.841170
0,3.300000,-1.145225,-0.829734,0.829760
0,3.310000,-1.153465,-0.818241,0.818267
0,3.320000,-1.161590,-0.806665,0.806692
0,3.330000,-1.169598,-0.795009,0.795036
0,3.340000,-1.177490,-0.783274,0.783301
0,3.350000,-1.185264,-0.771460,0.771487
0,3.360000,-1.192919,-0.759569,0.759597
0,3.370000,-1.200455,-0.747602,0.747630
0,3.380000,-1.207871,-0.735560,0.735589
0,3.390000,-1.215166,-0.723445,0.723474
0,3.400000,-1.222339,-0.711257,0.711287
0,3.410000,-1.229391,-0.698998,0.699029
0,3.420000,-1.236319,-0.686670,0.686701
0,3.430000,-1.243124,-0.674272,0.674304
0,3.440000,-1.249804,-0.661808,0.661840
0,3.450000,-1.256360,-0.649277,0.649310
0,3.460000,-1.262790,-0.636681,0.636714
0,3.470000,-1.269093,-0.624021,0.624056
0,3.480000,-1.275270,-0.611299,0.611334
0,3.490000,-1.281319,-0.598516,0.598552
0,3.500000,-1.287240,-0.585673,0.585710
0,3.510000,-1.293032,-0.572772,0.572809
0,3.520000,-1.298695,-0.559813,0.559852
0,3.530000,-1.304228,-0.546799,0.546838
0,3.540000,-1.309631,-0.533729,0.533769
0,3.550000,-1.314903,-0.520606,0.520647
0,3.560000,-1.320043,-0.507432,0.507474
0,3.570000,-1.325051,-0.494206,0.494249
0,3.580000,-1.329927,-0.480931,0.480975
0,3.590000,-1.334670,-0.467608,0.467654
0,3.600000,-1.339279,-0.454238,0.454285
0,3.610000,-1.343754,-0.440823,0.440871
0,3.620000,-1.348095,-0.427363,0.427413
0,3.630000,-1.352301,-0.413861,0.413913
0,3.640000,-1.356372,-0.400318,0.400371
0,3.650000,-1.360308,-0.386734,0.386790
0,3.660000,-1.364107,-0.373112,0.373169
0,3.670000,-1.367770,-0.359453,0.359512
0,3.680000,-1.371296,-0.345757,0.345819
0,3.690000,-1.374685,-0.332027,0.332092
0,3.700000,-1.377936,-0.318264,0.318331
0,3.710000,-1.381050,-0.304469,0.304539
0,3.720000,-1.384025,-0.290643,0.290717
0,3.730000,-1.386863,-0.276789,0.276866
0,3.740000,-1.389561,-0.262907,0.262988
0,3.750000,-1.392121,-0.248998,0.249084
0,3.760000,-1.394541,-0.235065,0.235156
0,3.770000,-1.396822,-0.221108,0.221205
0,3.780000,-1.398963,-0.207129,0.207232
0,3.790000,-1.400964,-0.193129,0.193240
0,3.800000,-1.402826,-0.179110,0.179229
0,3.810000,-1.404547,-0.165073,0.165202
0,3.820000,-1.406127,-0.151019,0.151161
0,3.830000,-1.407567,-0.136951,0.137107
0,3.840000,-1.408866,-0.122868,0.123043
0,3.850000,-1.410024,-0.108774,0.108970
0,3.860000,-1.411041,-0.094668,0.094894
0,3.870000,-1.411918,-0.080554,0.080818
0,3.880000,-1.412652,-0.066431,0.066751
0,3.890000,-1.413246,-0.052301,0.052707
0,3.900000,-1.413698,-0.038166,0.038719
0,3.910000,-1.414009,-0.024027,0.024890
0,3.920000,-1.414179,-0.009886,0.011805
0,3.930000,-1.414207,0.004256,0.007726
0,3.940000,-1.414094,0.018397,0.019803
0,3.950000,-1.413839,0.032537,0.033383
0,3.960000,-1.413443,0.046674,0.047273
0,3.970000,-1.412906,0.060805,0.061268
0,3.980000,-1.412227,0.074931,0.075308
0,3.990000,-1.411407,0.089049,0.089367
0,4.000000,-1.410446,0.103159,0.103433
0,4.010000,-1.409344,0.117258,0.117499
0,4.020000,-1.408101,0.131345,0.131561
0,4.030000,-1.406717,0.145419,0.145614
0,4.040000,-1.405193,0.159479,0.159657
0,4.050000,-1.403528,0.173523,0.173686
0,4.060000,-1.401722,0.187549,0.187700
0,4.070000,-1.399777,0.201557,0.201698
0,4.080000,-1.397691,0.215544,0.215676
0,4.090000,-1.395466,0.229510,0.229634
0,4.100000,-1.393101,0.243453,0.243570
0,4.110000,-1.390597,0.257372,0.257482
0,4.120000,-1.387954,0.271265,0.271369
0,4.130000,-1.385172,0.285130,0.285230
0,4.140000,-1.382251,0.298968,0.299062
0,4.150000,-1.379192,0.312775,0.312866
0,4.160000,-1.375996,0.326551,0.326638
0,4.170000,-1.372662,0.340294,0.340378
0,4.180000,-1.369190,0.354004,0.354084
0,4.190000,-1.365582,0.367678,0.367755
0,4.200000,-1.361837,0.381315,0.381389
0,4.210000,-1.357955,0.394914,0.394986
0,4.220000,-1.353938,0.408474,0.408543
0,4.230000,-1.349786,0.421992,0.422060
0,4.240000,-1.345499,0.435469,0.435534
0,4.250000,-1.341077,0.448902,0.448965
0,4.260000,-1.336521,0.462290,0.462351
0,4.270000,-1.331831,0.475632,0.475691
0,4.280000,-1.327008,0.488926,0.488984
0,4.290000,-1.322053,0.502172,0.502228
0,4.300000,-1.316965,0.515367,0.515422
0,4.310000,-1.311746,0.528510,0.528564
0,4.320000,-1.306395,0.541601,0.541654
0,4.330000,-1.300914,0.554638,0.554689
0,4.340000,-1.295303,0.567619,0.567669
0,4.350000,-1.289562,0.580544,0.580592
0,4.360000,-1.283692,0.593410,0.593458
0,4.370000,-1.277694,0.606217,0.606264
0,4.380000,-1.271568,0.618963,0.619009
0,4.390000,-1.265315,0.631648,0.631693
0,4.400000,-1.258935,0.644269,0.644313
0,4.410000,-1.252429,0.656826,0.656869
0,4.420000,-1.245799,0.669317,0.669360
0,4.430000,-1.239043,0.681742,0.681783
0,4.440000,-1.232164,0.694098,0.694139
0,4.450000,-1.225162,0.706385,0.706425
0,4.460000,-1.218037,0.718601,0.718640
0,4.470000,-1.210790,0.730745,0.730784
0,4.480000,-1.203422,0.742816,0.742854
0,4.490000,-1.195934,0.754813,0.754851
0,4.500000,-1.188326,0.766734,0.766771
0,4.510000,-1.180599,0.778579,0.778615
0,4.520000,-1.172755,0.790346,0.790382
0,4.530000,-1.164793,0.802034,0.802069
0,4.540000,-1.156714,0.813641,0.813676
0,4.550000,-1.148520,0.825168,0.825202
0,4.560000,-1.140211,0.836611,0.836645
0,4.570000,-1.131788,0.847971,0.848005
0,4.580000,-1.123252,0.859247,0.859280
0,4.590000,-1.114603,0.870436,0.870469
0,4.600000,-1.105844,0.881538,0.881571
0,4.610000,-1.096973,0.892553,0.892584
0,4.620000,-1.087993,0.903478,0.903509
0,4.630000,-1.078904,0.914312,0.914343
0,4.640000,-1.069707,0.925055,0.925086
0,4.650000,-1.060403,0.935706,0.935736
0,4.660000,-1.050993,0.946263,0.946293
0,4.670000,-1.041478,0.956725,0.956755
0,4.680000,-1.031859,0.967092,0.967122
0,4.690000,-1.022136,0.977362,0.977391
0,4.700000,-1.012312,0.987535,0.987563
0,4.710000,-1.002386,0.997608,0.997637
0,4.720000,-0.992360,1.007582,1.007610
0,4.730000,-0.982235,1.017455,1.017483
0,4.740000,-0.972011,1.027226,1.027254
0,4.750000,-0.961691,1.036895,1.036922
0,4.760000,-0.951274,1.046460,1.046487
0,4.770000,-0.940762,1.055920,1.055947
0,4.780000,-0.930156,1.065275,1.065301
0,4.790000,-0.919457,1.074523,1.074549
0,4.800000,-0.908666,1.083664,1.083690
0,4.810000,-0.897784,1.092696,1.092722
0,4.820000,-0.886812,1.101619,1.101645
0,4.830000,-0.875752,1.110432,1.110457
0,4.840000,-0.864604,1.119134,1.119159
0,4.850000,-0.853369,1.127724,1.127749
0,4.860000,-0.842050,1.136201,1.136226
0,4.870000,-0.830646,1.144564,1.144589
0,4.880000,-0.819159,1.152813,1.152838
0,4.890000,-0.807590,1.160947,1.160972
0,4.900000,-0.795940,1.168965,1.168989
0,4.910000,-0.784211,1.176866,1.176890
0,4.920000,-0.772403,1.184649,1.184673
0,4.930000,-0.760518,1.192314,1.192337
0,4.940000,-0.748557,1.199859,1.199883
0,4.950000,-0.736522,1.207285,1.207308
0,4.960000,-0.724412,1.214589,1.214613
0,4.970000,-0.712230,1.221773,1.221796
0,4.980000,-0.699977,1.228834,1.228857
0,4.990000,-0.687654,1.235772,1.235795
0,5.000000,-0.675262,1.242586,1.242609
0,5.010000,-0.662803,1.249277,1.249300
0,5.020000,-0.650277,1.255842,1.255865
0,5.030000,-0.637686,1.262282,1.262305
0,5.040000,-0.625032,1.268596,1.268618
0,5.050000,-0.612315,1.274783,1.274805
0,5.060000,-0.599537,1.280842,1.280864
0,5.070000,-0.586698,1.286773,1.286795
0,5.080000,-0.573801,1.292576,1.292598
0,5.090000,-0.560847,1.298249,1.298271
0,5.100000,-0.547837,1.303792,1.303814
0,5.110000,-0.534772,1.309206,1.309227
0,5.120000,-0.521653,1.314488,1.314509
0,5.130000,-0.508483,1.319638,1.319660
0,5.140000,-0.495261,1.324657,1.324679
0,5.150000,-0.481990,1.329543,1.329565
0,5.160000,-0.468671,1.334297,1.334318
0,5.170000,-0.455304,1.338917,1.338938
0,5.180000,-0.441893,1.343403,1.343424
0,5.190000,-0.428437,1.347754,1.347775
0,5.200000,-0.414938,1.351971,1.351992
0,5.210000,-0.401398,1.356053,1.356074
0,5.220000,-0.387817,1.359999,1.360020
0,5.230000,-0.374198,1.363809,1.363830
0,5.240000,-0.360542,1.367483,1.367504
0,5.250000,-0.346849,1.371020,1.371041
0,5.260000,-0.333122,1.374420,1.374440
0,5.270000,-0.319361,1.377682,1.377703
0,5.280000,-0.305569,1.380807,1.380828
0,5.290000,-0.291745,1.383794,1.383814
0,5.300000,-0.277893,1.386642,1.386662
0,5.310000,-0.264013,1.389351,1.389372
0,5.320000,-0.250107,1.391922,1.391942
0,5.330000,-0.236175,1.394353,1.394374
0,5.340000,-0.222220,1.396645,1.396666
0,5.350000,-0.208243,1.398798,1.398818
0,5.360000,-0.194244,1.400810,1.400830
0,5.370000,-0.180227,1.402683,1.402703
0,5.380000,-0.166191,1.404415,1.404435
0,5.390000,-0.152139,1.406006,1.406026
0,5.400000,-0.138072,1.407457,1.407478
0,5.410000,-0.123990,1.408768,1.408788
0,5.420000,-0.109897,1.409937,1.409957
0,5.430000,-0.095792,1.410966,1.410986
0,5.440000,-0.081678,1.411853,1.411873
0,5.450000,-0.067556,1.412599,1.412619
0,5.460000,-0.053426,1.413204,1.413224
0,5.470000,-0.039292,1.413668,1.413688
0,5.480000,-0.025153,1.413990,1.414010
0,5.490000,-0.011013,1.414171,1.414191
0,5.500000,0.003129,1.414210,1.414230
0,5.510000,0.017271,1.414108,1.414128
0,5.520000,0.031411,1.413865,1.413885
0,5.530000,0.045548,1.413480,1.413500
0,5.540000,0.059680,1.412954,1.412974
0,5.550000,0.073807,1.412286,1.412306
0,5.560000,0.087926,1.411478,1.411498
0,5.570000,0.102036,1.410528,1.410548
0,5.580000,0.116136,1.409437,1.409457
0,5.590000,0.130224,1.408205,1.408225
0,5.600000,0.144299,1.406833,1.406853
0,5.610000,0.158360,1.405319,1.405339
0,5.620000,0.172405,1.403665,1.403686
0,5.630000,0.186433,1.401871,1.401891
0,5.640000,0.200442,1.399937,1.399957
0,5.650000,0.214431,1.397862,1.397883
0,5.660000,0.228399,1.395648,1.395669
0,5.670000,0.242344,1.393294,1.393315
0,5.680000,0.256264,1.390801,1.390822
0,5.690000,0.270159,1.388169,1.388190
0,5.700000,0.284027,1.385398,1.385419
0,5.710000,0.297867,1.382489,1.382509
0,5.720000,0.311677,1.379441,1.379462
0,5.730000,0.325455,1.376255,1.376276
0,5.740000,0.339201,1.372932,1.372953
0,5.750000,0.352913,1.369471,1.369492
0,5.760000,0.366590,1.365874,1.365895
0,5.770000,0.380230,1.362140,1.362161
0,5.780000,0.393833,1.358269,1.358290
0,5.790000,0.407395,1.354263,1.354284
0,5.800000,0.420917,1.350122,1.350143
0,5.810000,0.434397,1.345845,1.345866
0,5.820000,0.447834,1.341434,1.341455
0,5.830000,0.461226,1.336889,1.336910
0,5.840000,0.474571,1.332210,1.332231
0,5.850000,0.487869,1.327397,1.327419
0,5.860000,0.501119,1.322452,1.322474
0,5.870000,0.514318,1.317375,1.317397
0,5.880000,0.527466,1.312166,1.312188
0,5.890000,0.540561,1.306826,1.306848
0,5.900000,0.553602,1.301355,1.301377
0,5.910000,0.566587,1.295754,1.295776
0,5.920000,0.579516,1.290024,1.290046
0,5.930000,0.592387,1.284164,1.284186
0,5.940000,0.605199,1.278176,1.278198
0,5.950000,0.617951,1.272060,1.272082
0,5.960000,0.630640,1.265817,1.265840
0,5.970000,0.643266,1.259448,1.259470
0,5.980000,0.655829,1.252952,1.252975
0,5.990000,0.668325,1.246331,1.246354
0,6.000000,0.680755,1.239586,1.239609
0,6.010000,0.693116,1.232716,1.232739
0,6.020000,0.705409,1.225724,1.225747
0,6.030000,0.717630,1.218608,1.218632
0,6.040000,0.729780,1.211371,1.211395
0,6.050000,0.741857,1.204013,1.204037
0,6.060000,0.753860,1.196534,1.196558
0,6.070000,0.765788,1.188936,1.188960
0,6.080000,0.777639,1.181219,1.181243
0,6.090000,0.789412,1.173384,1.173408
0,6.100000,0.801106,1.165431,1.165455
0,6.110000,0.812720,1.157362,1.157386
0,6.120000,0.824253,1.149177,1.149202
0,6.130000,0.835703,1.140877,1.140902
0,6.140000,0.847070,1.132463,1.132488
0,6.150000,0.858352,1.123936,1.123961
0,6.160000,0.869548,1.115296,1.115322
0,6.170000,0.880658,1.106545,1.106571
0,6.180000,0.891679,1.097683,1.097709
0,6.190000,0.902611,1.088712,1.088738
0,6.200000,0.913453,1.079632,1.079658
0,6.210000,0.924203,1.070443,1.070470
0,6.220000,0.934861,1.061148,1.061174
0,6.230000,0.945426,1.051746,1.051773
0,6.240000,0.955896,1.042240,1.042267
0,6.250000,0.966270,1.032629,1.032656
0,6.260000,0.976548,1.022914,1.022942
0,6.270000,0.986728,1.013098,1.013126
0,6.280000,0.996810,1.003180,1.003209
0,6.290000,1.006791,0.993162,0.993191
0,6.300000,1.016673,0.983045,0.983074
0,6.310000,1.026452,0.972829,0.972858
0,6.320000,1.036129,0.962516,0.962546
0,6.330000,1.045702,0.952107,0.952137
0,6.340000,1.055171,0.941602,0.941632
0,6.350000,1.064534,0.931004,0.931034
0,6.360000,1.073790,0.920312,0.920343
0,6.370000,1.082940,0.909528,0.909559
0,6.380000,1.091981,0.898654,0.898685
0,6.390000,1.100912,0.887689,0.887721
0,6.400000,1.109734,0.876636,0.876668
0,6.410000,1.118445,0.865495,0.865528
0,6.420000,1.127044,0.854267,0.854300
0,6.430000,1.135530,0.842954,0.842988
0,6.440000,1.143903,0.831557,0.831591
0,6.450000,1.152161,0.820077,0.820111
0,6.460000,1.160304,0.808514,0.808549
0,6.470000,1.168331,0.796871,0.796906
0,6.480000,1.176241,0.785148,0.785184
0,6.490000,1.184033,0.773346,0.773383
0,6.500000,1.191708,0.761468,0.761505
0,6.510000,1.199263,0.749513,0.749551
0,6.520000,1.206698,0.737483,0.737521
0,6.530000,1.214012,0.725379,0.725418
0,6.540000,1.221205,0.713203,0.713243
0,6.550000,1.228276,0.700955,0.700996
0,6.560000,1.235224,0.688638,0.688679
0,6.570000,1.242048,0.676251,0.676293
0,6.580000,1.248749,0.663797,0.663840
0,6.590000,1.255324,0.651277,0.651320
0,6.600000,1.261774,0.638691,0.638736
0,6.610000,1.268098,0.626042,0.626087
0,6.620000,1.274295,0.613330,0.613376
0,6.630000,1.280364,0.600556,0.600604
0,6.640000,1.286306,0.587723,0.587771
0,6.650000,1.292118,0.574831,0.574880
0,6.660000,1.297802,0.561881,0.561931
0,6.670000,1.303356,0.548875,0.548927
0,6.680000,1.308779,0.535814,0.535867
0,6.690000,1.314072,0.522700,0.522754
0,6.700000,1.319233,0.509533,0.509589
0,6.710000,1.324262,0.496316,0.496373
0,6.720000,1.329159,0.483048,0.483107
0,6.730000,1.333923,0.469733,0.469793
0,6.740000,1.338554,0.456370,0.456433
0,6.750000,1.343050,0.442962,0.443026
0,6.760000,1.347413,0.429510,0.429576
0,6.770000,1.351640,0.416014,0.416083
0,6.780000,1.355733,0.402477,0.402548
0,6.790000,1.359690,0.388900,0.388973
0,6.800000,1.363511,0.375284,0.375360
0,6.810000,1.367195,0.361630,0.361709
0,6.820000,1.370743,0.347941,0.348022
0,6.830000,1.374154,0.334216,0.334301
0,6.840000,1.377428,0.320458,0.320547
0,6.850000,1.380563,0.306668,0.306760
0,6.860000,1.383561,0.292847,0.292944
0,6.870000,1.386420,0.278997,0.279099
0,6.880000,1.389141,0.265119,0.265226
0,6.890000,1.391722,0.251215,0.251328
0,6.900000,1.394165,0.237285,0.237405
0,6.910000,1.396468,0.223332,0.223459
0,6.920000,1.398631,0.209356,0.209492
0,6.930000,1.400655,0.195360,0.195505
0,6.940000,1.402539,0.181344,0.181500
0,6.950000,1.404282,0.167310,0.167479
0,6.960000,1.405885,0.153259,0.153444
0,6.970000,1.407347,0.139192,0.139396
0,6.980000,1.408669,0.125112,0.125339
0,6.990000,1.409849,0.111019,0.111274
0,7.000000,1.410889,0.096916,0.097208
0,7.010000,1.411787,0.082802,0.083144
0,7.020000,1.412545,0.068680,0.069091
0,7.030000,1.413161,0.054552,0.055068
0,7.040000,1.413636,0.040418,0.041110
0,7.050000,1.413969,0.026279,0.027327
0,7.060000,1.414161,0.012139,0.014248
0,7.070000,1.414212,-0.002003,0.007717
0,7.080000,1.414121,-0.016145,0.017952
0,7.090000,1.413889,-0.030285,0.031326
0,7.100000,1.413516,-0.044422,0.045145
0,7.110000,1.413001,-0.058555,0.059107
0,7.120000,1.412345,-0.072682,0.073128
0,7.130000,1.411547,-0.086801,0.087176
0,7.140000,1.410609,-0.100912,0.101235
0,7.150000,1.409529,-0.115013,0.115296
0,7.160000,1.408308,-0.129103,0.129355
0,7.170000,1.406947,-0.143179,0.143406
0,7.180000,1.405445,-0.157241,0.157448
0,7.190000,1.403802,-0.171287,0.171478
0,7.200000,1.402019,-0.185317,0.185492
0,7.210000,1.400096,-0.199327,0.199491
0,7.220000,1.398033,-0.213318,0.213471
0,7.230000,1.395830,-0.227287,0.227431
0,7.240000,1.393487,-0.241234,0.241369
0,7.250000,1.391005,-0.255157,0.255285
0,7.260000,1.388384,-0.269054,0.269175
0,7.270000,1.385624,-0.282924,0.283039
0,7.280000,1.382726,-0.296766,0.296876
0,7.290000,1.379689,-0.310578,0.310683
0,7.300000,1.376514,-0.324359,0.324460
0,7.310000,1.373202,-0.338108,0.338204
0,7.320000,1.369752,-0.351823,0.351915
0,7.330000,1.366165,-0.365502,0.365592
0,7.340000,1.362442,-0.379146,0.379232
0,7.350000,1.358583,-0.392751,0.392834
0,7.360000,1.354587,-0.406317,0.406397
0,7.370000,1.350456,-0.419842,0.419920
0,7.380000,1.346191,-0.433325,0.433401
0,7.390000,1.341790,-0.446765,0.446838
0,7.400000,1.337255,-0.460161,0.460232
0,7.410000,1.332587,-0.473510,0.473579
0,7.420000,1.327785,-0.486812,0.486879
0,7.430000,1.322851,-0.500065,0.500131
0,7.440000,1.317784,-0.513269,0.513332
0,7.450000,1.312586,-0.526421,0.526483
0,7.460000,1.307256,-0.539520,0.539580
0,7.470000,1.301796,-0.552565,0.552624
0,7.480000,1.296205,-0.565555,0.565613
0,7.490000,1.290485,-0.578489,0.578545
0,7.500000,1.284635,-0.591365,0.591420
0,7.510000,1.278658,-0.604181,0.604235
0,7.520000,1.272552,-0.616937,0.616990
0,7.530000,1.266319,-0.629632,0.629684
0,7.540000,1.259959,-0.642263,0.642314
0,7.550000,1.253474,-0.654831,0.654880
0,7.560000,1.246863,-0.667332,0.667381
0,7.570000,1.240127,-0.679767,0.679815
0,7.580000,1.233268,-0.692135,0.692182
0,7.590000,1.226285,-0.704432,0.704479
0,7.600000,1.219180,-0.716660,0.716705
0,7.610000,1.211952,-0.728816,0.728860
0,7.620000,1.204603,-0.740898,0.740942
0,7.630000,1.197134,-0.752907,0.752951
0,7.640000,1.189546,-0.764841,0.764883
0,7.650000,1.181838,-0.776698,0.776740
0,7.660000,1.174012,-0.788477,0.788518
0,7.670000,1.166069,-0.800178,0.800218
0,7.680000,1.158009,-0.811798,0.811838
0,7.690000,1.149833,-0.823337,0.823377
0,7.700000,1.141542,-0.834794,0.834833
0,7.710000,1.133137,-0.846168,0.846206
0,7.720000,1.124619,-0.857457,0.857495
0,7.730000,1.115988,-0.868660,0.868697
0,7.740000,1.107246,-0.879776,0.879813
0,7.750000,1.098393,-0.890804,0.890841
0,7.760000,1.089430,-0.901744,0.901780
0,7.770000,1.080359,-0.912593,0.912628
0,7.780000,1.071179,-0.923350,0.923386
0,7.790000,1.061892,-0.934016,0.934051
0,7.800000,1.052499,-0.944588,0.944622
0,7.810000,1.043000,-0.955066,0.955100
0,7.820000,1.033398,-0.965448,0.965481
0,7.830000,1.023692,-0.975733,0.975767
0,7.840000,1.013883,-0.985921,0.985954
0,7.850000,1.003974,-0.996010,0.996043
0,7.860000,0.993964,-1.006000,1.006033
0,7.870000,0.983854,-1.015889,1.015922
0,7.880000,0.973646,-1.025677,1.025709
0,7.890000,0.963341,-1.035362,1.035393
0,7.900000,0.952939,-1.044943,1.044975
0,7.910000,0.942442,-1.054420,1.054451
0,7.920000,0.931851,-1.063792,1.063823
0,7.930000,0.921167,-1.073057,1.073088
0,7.940000,0.910390,-1.082215,1.082245
0,7.950000,0.899523,-1.091265,1.091295
0,7.960000,0.888565,-1.100205,1.100235
0,7.970000,0.877519,-1.109036,1.109065
0,7.980000,0.866385,-1.117755,1.117784
0,7.990000,0.855164,-1.126363,1.126392
0,8.000000,0.843858,-1.134858,1.134887
0,8.010000,0.832468,-1.143240,1.143269
0,8.020000,0.820994,-1.151507,1.151536
0,8.030000,0.809438,-1.159660,1.159688
0,8.040000,0.797801,-1.167696,1.167724
0,8.050000,0.786084,-1.175615,1.175643
0,8.060000,0.774289,-1.183417,1.183445
0,8.070000,0.762416,-1.191101,1.191128
0,8.080000,0.750467,-1.198665,1.198693
0,8.090000,0.738443,-1.206110,1.206137
0,8.100000,0.726346,-1.213434,1.213461
0,8.110000,0.714175,-1.220637,1.220663
0,8.120000,0.701933,-1.227717,1.227744
0,8.130000,0.689621,-1.234675,1.234701
0,8.140000,0.677240,-1.241509,1.241536
0,8.150000,0.664791,-1.248220,1.248246
0,8.160000,0.652276,-1.254805,1.254831
0,8.170000,0.639696,-1.261265,1.261291
0,8.180000,0.627051,-1.267599,1.267624
0,8.190000,0.614344,-1.273806,1.273831
0,8.200000,0.601576,-1.279885,1.279911
0,8.210000,0.588747,-1.285837,1.285862
0,8.220000,0.575859,-1.291660,1.291685
0,8.230000,0.562914,-1.297354,1.297379
0,8.240000,0.549913,-1.302918,1.302943
0,8.250000,0.536856,-1.308352,1.308377
0,8.260000,0.523746,-1.313655,1.313680
0,8.270000,0.510584,-1.318827,1.318852
0,8.280000,0.497370,-1.323867,1.323891
0,8.290000,0.484107,-1.328774,1.328799
0,8.300000,0.470795,-1.333549,1.333573
0,8.310000,0.457436,-1.338190,1.338214
0,8.320000,0.444032,-1.342697,1.342722
0,8.330000,0.430583,-1.347070,1.347095
0,8.340000,0.417091,-1.351309,1.351333
0,8.350000,0.403557,-1.355412,1.355436
0,8.360000,0.389983,-1.359380,1.359404
0,8.370000,0.376370,-1.363212,1.363235
0,8.380000,0.362719,-1.366907,1.366931
0,8.390000,0.349032,-1.370466,1.370490
0,8.400000,0.335310,-1.373888,1.373911
0,8.410000,0.321555,-1.377172,1.377196
0,8.420000,0.307767,-1.380319,1.380342
0,8.430000,0.293949,-1.383327,1.383351
0,8.440000,0.280101,-1.386197,1.386221
0,8.450000,0.266225,-1.388929,1.388953
0,8.460000,0.252323,-1.391522,1.391545
0,8.470000,0.238395,-1.393975,1.393999
0,8.480000,0.224444,-1.396290,1.396313
0,8.490000,0.210470,-1.398464,1.398488
0,8.500000,0.196475,-1.400499,1.400522
0,8.510000,0.182461,-1.402394,1.402417
0,8.520000,0.168428,-1.404148,1.404171
0,8.530000,0.154378,-1.405762,1.405785
0,8.540000,0.140313,-1.407236,1.407259
0,8.550000,0.126234,-1.408568,1.408592
0,8.560000,0.112142,-1.409760,1.409783
0,8.570000,0.098039,-1.410811,1.410834
0,8.580000,0.083926,-1.411721,1.411744
0,8.590000,0.069805,-1.412490,1.412513
0,8.600000,0.055677,-1.413117,1.413140
0,8.610000,0.041543,-1.413603,1.413626
0,8.620000,0.027405,-1.413948,1.413971
0,8.630000,0.013265,-1.414151,1.414174
0,8.640000,-0.000877,-1.414213,1.414236
0,8.650000,-0.015019,-1.414134,1.414157
0,8.660000,-0.029159,-1.413913,1.413936
0,8.670000,-0.043297,-1.413551,1.413574
0,8.680000,-0.057430,-1.413047,1.413070
0,8.690000,-0.071557,-1.412402,1.412425
0,8.700000,-0.085677,-1.411616,1.411639
0,8.710000,-0.099789,-1.410689,1.410712
0,8.720000,-0.113891,-1.409620,1.409643
0,8.730000,-0.127981,-1.408411,1.408434
0,8.740000,-0.142058,-1.407061,1.407084
0,8.750000,-0.156122,-1.405570,1.405593
0,8.760000,-0.170169,-1.403938,1.403961
0,8.770000,-0.184200,-1.402166,1.402190
0,8.780000,-0.198212,-1.400254,1.400278
0,8.790000,-0.212205,-1.398202,1.398225
0,8.800000,-0.226176,-1.396010,1.396034
0,8.810000,-0.240124,-1.393679,1.393702
0,8.820000,-0.254049,-1.391208,1.391231
0,8.830000,-0.267948,-1.388598,1.388621
0,8.840000,-0.281820,-1.385849,1.385872
0,8.850000,-0.295665,-1.382961,1.382985
0,8.860000,-0.309479,-1.379936,1.379959
0,8.870000,-0.323263,-1.376772,1.376796
0,8.880000,-0.337014,-1.373471,1.373494
0,8.890000,-0.350732,-1.370032,1.370056
0,8.900000,-0.364414,-1.366456,1.366480
0,8.910000,-0.378060,-1.362744,1.362768
0,8.920000,-0.391669,-1.358895,1.358919
0,8.930000,-0.405238,-1.354910,1.354934
0,8.940000,-0.418767,-1.350790,1.350815
0,8.950000,-0.432253,-1.346535,1.346559
0,8.960000,-0.445697,-1.342145,1.342170
0,8.970000,-0.459096,-1.337621,1.337646
0,8.980000,-0.472449,-1.332964,1.332988
0,8.990000,-0.485755,-1.328173,1.328197
0,9.000000,-0.499012,-1.323249,1.323273
0,9.010000,-0.512219,-1.318193,1.318217
0,9.020000,-0.525375,-1.313005,1.313029
0,9.030000,-0.538479,-1.307685,1.307710
0,9.040000,-0.551528,-1.302235,1.302260
0,9.050000,-0.564523,-1.296655,1.296680
0,9.060000,-0.577461,-1.290945,1.290970
0,9.070000,-0.590341,-1.285106,1.285131
0,9.080000,-0.603163,-1.279138,1.279164
0,9.090000,-0.615924,-1.273043,1.273068
0,9.100000,-0.628623,-1.266820,1.266846
0,9.110000,-0.641260,-1.260470,1.260496
0,9.120000,-0.653832,-1.253995,1.254021
0,9.130000,-0.666339,-1.247394,1.247420
0,9.140000,-0.678780,-1.240668,1.240695
0,9.150000,-0.691152,-1.233819,1.233845
0,9.160000,-0.703456,-1.226846,1.226872
0,9.170000,-0.715689,-1.219750,1.219777
0,9.180000,-0.727850,-1.212532,1.212559
0,9.190000,-0.739939,-1.205193,1.205220
0,9.200000,-0.751954,-1.197734,1.197761
0,9.210000,-0.763893,-1.190154,1.190182
0,9.220000,-0.775756,-1.182456,1.182484
0,9.230000,-0.787542,-1.174639,1.174667
0,9.240000,-0.799249,-1.166705,1.166733
0,9.250000,-0.810876,-1.158655,1.158683
0,9.260000,-0.822421,-1.150488,1.150516
0,9.270000,-0.833885,-1.142207,1.142235
0,9.280000,-0.845265,-1.133811,1.133839
0,9.290000,-0.856561,-1.125301,1.125330
0,9.300000,-0.867771,-1.116680,1.116709
0,9.310000,-0.878894,-1.107946,1.107976
0,9.320000,-0.889929,-1.099102,1.099132
0,9.330000,-0.900876,-1.090148,1.090178
0,9.340000,-0.911732,-1.081085,1.081115
0,9.350000,-0.922497,-1.071914,1.071944
0,9.360000,-0.933170,-1.062635,1.062666
0,9.370000,-0.943749,-1.053251,1.053282
0,9.380000,-0.954235,-1.043761,1.043792
0,9.390000,-0.964624,-1.034166,1.034198
0,9.400000,-0.974918,-1.024468,1.024500
0,9.410000,-0.985113,-1.014668,1.014700
0,9.420000,-0.995211,-1.004767,1.004799
0,9.430000,-1.005208,-0.994764,0.994797
0,9.440000,-1.015106,-0.984663,0.984696
0,9.450000,-1.024901,-0.974463,0.974496
0,9.460000,-1.034595,-0.964165,0.964199
0,9.470000,-1.044184,-0.953771,0.953805
0,9.480000,-1.053670,-0.943282,0.943316
0,9.490000,-1.063050,-0.932698,0.932733
0,9.500000,-1.072323,-0.922021,0.922056
0,9.510000,-1.081490,-0.911252,0.911288
0,9.520000,-1.090548,-0.900392,0.900428
0,9.530000,-1.099497,-0.889441,0.889478
0,9.540000,-1.108337,-0.878402,0.878439
0,9.550000,-1.117065,-0.867275,0.867313
0,9.560000,-1.125682,-0.856061,0.856099
0,9.570000,-1.134186,-0.844762,0.844800
0,9.580000,-1.142577,-0.833378,0.833417
0,9.590000,-1.150853,-0.821911,0.821950
0,9.600000,-1.159015,-0.810361,0.810401
0,9.610000,-1.167060,-0.798731,0.798771
0,9.620000,-1.174989,-0.787020,0.787062
0,9.630000,-1.182800,-0.775231,0.775273
0,9.640000,-1.190493,-0.763365,0.763407
0,9.650000,-1.198067,-0.751422,0.751465
0,9.660000,-1.205522,-0.739404,0.739448
0,9.670000,-1.212855,-0.727312,0.727357
0,9.680000,-1.220068,-0.715147,0.715193
0,9.690000,-1.227158,-0.702911,0.702957
0,9.700000,-1.234126,-0.690604,0.690651
0,9.710000,-1.240970,-0.678229,0.678277
0,9.720000,-1.247690,-0.665785,0.665834
0,9.730000,-1.254285,-0.653275,0.653325
0,9.740000,-1.260755,-0.640700,0.640751
0,9.750000,-1.267099,-0.628061,0.628113
0,9.760000,-1.273316,-0.615358,0.615411
0,9.770000,-1.279406,-0.602595,0.602649
0,9.780000,-1.285368,-0.589771,0.589826
0,9.790000,-1.291201,-0.576888,0.576944
0,9.800000,-1.296905,-0.563947,0.564005
0,9.810000,-1.302480,-0.550950,0.551009
0,9.820000,-1.307924,-0.537898,0.537959
0,9.830000,-1.313238,-0.524792,0.524854
0,9.840000,-1.318420,-0.511634,0.511697
0,9.850000,-1.323470,-0.498424,0.498490
0,9.860000,-1.328388,-0.485165,0.485232
0,9.870000,-1.333173,-0.471857,0.471926
0,9.880000,-1.337825,-0.458502,0.458573
0,9.890000,-1.342343,-0.445101,0.445174
0,9.900000,-1.346727,-0.431655,0.431731
0,9.910000,-1.350976,-0.418167,0.418245
0,9.920000,-1.355090,-0.404636,0.404717
0,9.930000,-1.359069,-0.391065,0.391149
0,9.940000,-1.362911,-0.377455,0.377542
0,9.950000,-1.366618,-0.363808,0.363897
0,9.960000,-1.370187,-0.350123,0.350217
0,9.970000,-1.373620,-0.336404,0.336501
0,9.980000,-1.376915,-0.322651,0.322753
0,9.990000,-1.380073,-0.308866,0.308972
0,10.000000,-1.383093,-0.295050,0.295161
0,10.010000,-1.385974,-0.281205,0.281321
0,10.020000,-1.388717,-0.267331,0.267453
0,10.030000,-1.391320,-0.253431,0.253560
0,10.040000,-1.393785,-0.239505,0.239642
0,10.050000,-1.396111,-0.225556,0.225700
0,10.060000,-1.398296,-0.211584,0.211738
0,10.070000,-1.400342,-0.197590,0.197755
0,10.080000,-1.402248,-0.183577,0.183755
0,10.090000,-1.404014,-0.169546,0.169738
0,10.100000,-1.405639,-0.155498,0.155707
0,10.110000,-1.407123,-0.141434,0.141664
0,10.120000,-1.408467,-0.127356,0.127611
0,10.130000,-1.409671,-0.113265,0.113552
0,10.140000,-1.410733,-0.099163,0.099491
0,10.150000,-1.411654,-0.085051,0.085433
0,10.160000,-1.412434,-0.070930,0.071388
0,10.170000,-1.413072,-0.056802,0.057372
0,10.180000,-1.413570,-0.042669,0.043423
0,10.190000,-1.413926,-0.028531,0.029644
0,10.200000,-1.414140,-0.014391,0.016473
0,10.210000,-1.414214,-0.000249,0.008006
0,10.220000,-1.414145,0.013893,0.016095
0,10.230000,-1.413936,0.028033,0.029240
0,10.240000,-1.413585,0.042171,0.042991
0,10.250000,-1.413092,0.056305,0.056924
0,10.260000,-1.412459,0.070432,0.070929
0,10.270000,-1.411684,0.084553,0.084968
0,10.280000,-1.410768,0.098666,0.099021
0,10.290000,-1.409710,0.112768,0.113080
0,10.300000,-1.408512,0.126859,0.127136
0,10.310000,-1.407173,0.140938,0.141187
0,10.320000,-1.405694,0.155002,0.155229
0,10.330000,-1.404073,0.169051,0.169259
0,10.340000,-1.402313,0.183083,0.183275
0,10.350000,-1.400412,0.197097,0.197276
0,10.360000,-1.398371,0.211091,0.211258
0,10.370000,-1.396190,0.225064,0.225220
0,10.380000,-1.393869,0.239014,0.239162
0,10.390000,-1.391410,0.252941,0.253080
0,10.400000,-1.388811,0.266842,0.266974
0,10.410000,-1.386073,0.280717,0.280842
0,10.420000,-1.383196,0.294563,0.294683
0,10.430000,-1.380182,0.308380,0.308494
0,10.440000,-1.377029,0.322166,0.322276
0,10.450000,-1.373739,0.335920,0.336025
0,10.460000,-1.370311,0.349641,0.349741
0,10.470000,-1.366746,0.363326,0.363423
0,10.480000,-1.363044,0.376975,0.377069
0,10.490000,-1.359206,0.390587,0.390677
0,10.500000,-1.355233,0.404159,0.404246
0,10.510000,-1.351123,0.417691,0.417775
0,10.520000,-1.346879,0.431181,0.431262
0,10.530000,-1.342500,0.444628,0.444707
0,10.540000,-1.337987,0.458030,0.458107
0,10.550000,-1.333339,0.471387,0.471462
0,10.560000,-1.328559,0.484697,0.484769
0,10.570000,-1.323646,0.497958,0.498029
0,10.580000,-1.318600,0.511169,0.511238
0,10.590000,-1.313422,0.524329,0.524397
0,10.600000,-1.308114,0.537437,0.537503
0,10.610000,-1.302674,0.550491,0.550555
0,10.620000,-1.297104,0.563490,0.563553
0,10.630000,-1.291404,0.576433,0.576494
0,10.640000,-1.285576,0.589318,0.589378
0,10.650000,-1.279618,0.602144,0.602202
0,10.660000,-1.273533,0.614910,0.614967
0,10.670000,-1.267320,0.627614,0.627670
0,10.680000,-1.260981,0.640256,0.640311
0,10.690000,-1.254515,0.652833,0.652887
0,10.700000,-1.247924,0.665346,0.665399
0,10.710000,-1.241209,0.677792,0.677843
0,10.720000,-1.234369,0.690169,0.690220
0,10.730000,-1.227405,0.702478,0.702529
0,10.740000,-1.220319,0.714717,0.714766
0,10.750000,-1.213111,0.726884,0.726933
0,10.760000,-1.205782,0.738979,0.739027
0,10.770000,-1.198332,0.751000,0.751047
0,10.780000,-1.190762,0.762945,0.762991
0,10.790000,-1.183073,0.774815,0.774860
0,10.800000,-1.175266,0.786606,0.786651
0,10.810000,-1.167341,0.798319,0.798364
0,10.820000,-1.159300,0.809953,0.809996
0,10.830000,-1.151143,0.821505,0.821548
0,10.840000,-1.142870,0.832975,0.833017
0,10.850000,-1.134483,0.844362,0.844404
0,10.860000,-1.125983,0.855665,0.855706
0,10.870000,-1.117370,0.866881,0.866922
0,10.880000,-1.108646,0.878012,0.878052
0,10.890000,-1.099810,0.889054,0.889094
0,10.900000,-1.090865,0.900007,0.900047
0,10.910000,-1.081811,0.910871,0.910910
0,10.920000,-1.072648,0.921643,0.921681
0,10.930000,-1.063378,0.932323,0.932361
0,10.940000,-1.054002,0.942910,0.942948
0,10.950000,-1.044520,0.953403,0.953440
0,10.960000,-1.034934,0.963801,0.963837
0,10.970000,-1.025244,0.974101,0.974138
0,10.980000,-1.015452,0.984305,0.984341
0,10.990000,-1.005559,0.994410,0.994446
0,11.000000,-0.995565,1.004416,1.004451
0,11.010000,-0.985471,1.014321,1.014356
0,11.020000,-0.975278,1.024125,1.024159
0,11.030000,-0.964989,1.033826,1.033860
0,11.040000,-0.954602,1.043424,1.043458
0,11.050000,-0.944120,1.052918,1.052952
0,11.060000,-0.933544,1.062307,1.062340
0,11.070000,-0.922875,1.071589,1.071622
0,11.080000,-0.912113,1.080764,1.080796
0,11.090000,-0.901260,1.089831,1.089863
0,11.100000,-0.890317,1.098789,1.098821
0,11.110000,-0.879284,1.107637,1.107668
0,11.120000,-0.868164,1.116374,1.116406
0,11.130000,-0.856957,1.125000,1.125031
0,11.140000,-0.845665,1.133513,1.133544
0,11.150000,-0.834287,1.141913,1.141944
0,11.160000,-0.822827,1.150198,1.150229
0,11.170000,-0.811284,1.158369,1.158399
0,11.180000,-0.799660,1.166424,1.166454
0,11.190000,-0.787956,1.174362,1.174392
0,11.200000,-0.776173,1.182183,1.182212
0,11.210000,-0.764312,1.189885,1.189915
0,11.220000,-0.752376,1.197469,1.197498
0,11.230000,-0.740363,1.204932,1.204962
0,11.240000,-0.728277,1.212276,1.212305
0,11.250000,-0.716118,1.219498,1.219527
0,11.260000,-0.703888,1.226598,1.226626
0,11.270000,-0.691587,1.233575,1.233604
0,11.280000,-0.679217,1.240429,1.240458
0,11.290000,-0.666779,1.247159,1.247188
0,11.300000,-0.654274,1.253765,1.253793
0,11.310000,-0.641704,1.260245,1.260272
0,11.320000,-0.629069,1.266598,1.266626
0,11.330000,-0.616372,1.272826,1.272853
0,11.340000,-0.603613,1.278926,1.278953
0,11.350000,-0.590794,1.284898,1.284925
0,11.360000,-0.577916,1.290741,1.290769
0,11.370000,-0.564980,1.296456,1.296483
0,11.380000,-0.551987,1.302041,1.302068
0,11.390000,-0.538939,1.307495,1.307522
0,11.400000,-0.525838,1.312819,1.312846
0,11.410000,-0.512683,1.318012,1.318039
0,11.420000,-0.499478,1.323073,1.323099
0,11.430000,-0.486222,1.328001,1.328028
0,11.440000,-0.472918,1.332797,1.332824
0,11.450000,-0.459567,1.337460,1.337486
0,11.460000,-0.446170,1.341988,1.342015
0,11.470000,-0.432728,1.346383,1.346409
0,11.480000,-0.419242,1.350643,1.350669
0,11.490000,-0.405715,1.354768,1.354794
0,11.500000,-0.392147,1.358757,1.358783
0,11.510000,-0.378540,1.362610,1.362636
0,11.520000,-0.364896,1.366328,1.366353
0,11.530000,-0.351214,1.369908,1.369934
0,11.540000,-0.337498,1.373352,1.373377
0,11.550000,-0.323748,1.376658,1.376684
0,11.560000,-0.309965,1.379827,1.379852
0,11.570000,-0.296152,1.382857,1.382883
0,11.580000,-0.282309,1.385750,1.385775
0,11.590000,-0.268437,1.388503,1.388529
0,11.600000,-0.254539,1.391118,1.391144
0,11.610000,-0.240615,1.393594,1.393619
0,11.620000,-0.226668,1.395930,1.395956
0,11.630000,-0.212697,1.398127,1.398152
0,11.640000,-0.198705,1.400184,1.400209
0,11.650000,-0.184694,1.402101,1.402126
0,11.660000,-0.170664,1.403878,1.403903
0,11.670000,-0.156617,1.405515,1.405540
0,11.680000,-0.142554,1.407010,1.407035
0,11.690000,-0.128477,1.408366,1.408391
0,11.700000,-0.114387,1.409580,1.409605
0,11.710000,-0.100286,1.410653,1.410678
0,11.720000,-0.086175,1.411586,1.411611
0,11.730000,-0.072055,1.412377,1.412402
0,11.740000,-0.057928,1.413027,1.413052
0,11.750000,-0.043795,1.413535,1.413560
0,11.760000,-0.029657,1.413903,1.413927
0,11.770000,-0.015517,1.414128,1.414153
0,11.780000,-0.001375,1.414213,1.414238
0,11.790000,0.012767,1.414156,1.414181
0,11.800000,0.026907,1.413958,1.413982
0,11.810000,0.041045,1.413618,1.413643
0,11.820000,0.055179,1.413137,1.413162
0,11.830000,0.069308,1.412514,1.412539
0,11.840000,0.083429,1.411751,1.411775
0,11.850000,0.097542,1.410846,1.410871
0,11.860000,0.111646,1.409800,1.409825
0,11.870000,0.125738,1.408613,1.408638
0,11.880000,0.139817,1.407285,1.407310
0,11.890000,0.153883,1.405817,1.405842
0,11.900000,0.167933,1.404207,1.404232
0,11.910000,0.181967,1.402458,1.402483
0,11.920000,0.195982,1.400568,1.400593
0,11.930000,0.209978,1.398538,1.398563
0,11.940000,0.223952,1.396369,1.396394
0,11.950000,0.237904,1.394059,1.394085
0,11.960000,0.251833,1.391611,1.391636
0,11.970000,0.265736,1.389023,1.389048
0,11.980000,0.279613,1.386296,1.386321
0,11.990000,0.293462,1.383431,1.383456
0,12.000000,0.307281,1.380427,1.380452
0,12.010000,0.321070,1.377285,1.377311
0,12.020000,0.334826,1.374006,1.374031
0,12.030000,0.348549,1.370589,1.370614
0,12.040000,0.362238,1.367035,1.367060
0,12.050000,0.375890,1.363344,1.363370
0,12.060000,0.389504,1.359517,1.359543
0,12.070000,0.403079,1.355554,1.355580
0,12.080000,0.416615,1.351456,1.351482
0,12.090000,0.430108,1.347222,1.347248
0,12.100000,0.443559,1.342854,1.342880
0,12.110000,0.456965,1.338351,1.338377
0,12.120000,0.470325,1.333714,1.333741
0,12.130000,0.483639,1.328945,1.328971
0,12.140000,0.496904,1.324042,1.324068
0,12.150000,0.510119,1.319007,1.319033
0,12.160000,0.523283,1.313840,1.313866
0,12.170000,0.536395,1.308541,1.308568
0,12.180000,0.549454,1.303112,1.303139
0,12.190000,0.562457,1.297552,1.297579
0,12.200000,0.575404,1.291863,1.291890
0,12.210000,0.588294,1.286044,1.286072
0,12.220000,0.601125,1.280097,1.280125
0,12.230000,0.613896,1.274022,1.274050
0,12.240000,0.626605,1.267820,1.267847
0,12.250000,0.639251,1.261490,1.261518
0,12.260000,0.651834,1.255035,1.255063
0,12.270000,0.664352,1.248454,1.248482
0,12.280000,0.676803,1.241748,1.241776
0,12.290000,0.689186,1.234918,1.234946
0,12.300000,0.701501,1.227964,1.227993
0,12.310000,0.713745,1.220888,1.220917
0,12.320000,0.725918,1.213690,1.213719
0,12.330000,0.738019,1.206370,1.206399
0,12.340000,0.750045,1.198930,1.198959
0,12.350000,0.761997,1.191369,1.191399
0,12.360000,0.773872,1.183690,1.183720
0,12.370000,0.785670,1.175892,1.175922
0,12.380000,0.797390,1.167977,1.168007
0,12.390000,0.809029,1.159945,1.159975
0,12.400000,0.820588,1.151796,1.151827
0,12.410000,0.832065,1.143533,1.143564
0,12.420000,0.843458,1.135155,1.135186
0,12.430000,0.854768,1.126664,1.126696
0,12.440000,0.865991,1.118060,1.118092
0,12.450000,0.877128,1.109345,1.109376
0,12.460000,0.888178,1.100518,1.100550
0,12.470000,0.899138,1.091581,1.091614
0,12.480000,0.910009,1.082536,1.082568
0,12.490000,0.920789,1.073382,1.073414
0,12.500000,0.931476,1.064120,1.064153
0,12.510000,0.942071,1.054752,1.054786
0,12.520000,0.952571,1.045279,1.045313
0,12.530000,0.962976,1.035701,1.035735
0,12.540000,0.973285,1.026020,1.026054
0,12.550000,0.983496,1.016236,1.016271
0,12.560000,0.993609,1.006350,1.006385
0,12.570000,1.003623,0.996364,0.996399
0,12.580000,1.013536,0.986278,0.986314
0,12.590000,1.023348,0.976094,0.976130
0,12.600000,1.033058,0.965812,0.965848
0,12.610000,1.042664,0.955433,0.955470
0,12.620000,1.052166,0.944959,0.944996
0,12.630000,1.061563,0.934390,0.934428
0,12.640000,1.070853,0.923728,0.923766
0,12.650000,1.080037,0.912973,0.913012
0,12.660000,1.089113,0.902127,0.902166
0,12.670000,1.098079,0.891191,0.891231
0,12.680000,1.106936,0.880166,0.880206
0,12.690000,1.115682,0.869053,0.869093
0,12.700000,1.124317,0.857853,0.857894
0,12.710000,1.132839,0.846567,0.846609
0,12.720000,1.141248,0.835196,0.835239
0,12.730000,1.149543,0.823742,0.823785
0,12.740000,1.157723,0.812206,0.812249
0,12.750000,1.165787,0.800588,0.800632
0,12.760000,1.173734,0.788891,0.788935
0,12.770000,1.181564,0.777114,0.777159
0,12.780000,1.189276,0.765260,0.765306
0,12.790000,1.196869,0.753329,0.753376
0,12.800000,1.204342,0.741323,0.741370
0,12.810000,1.211695,0.729242,0.729291
0,12.820000,1.218927,0.717089,0.717138
0,12.830000,1.226037,0.704864,0.704914
0,12.840000,1.233024,0.692569,0.692620
0,12.850000,1.239888,0.680204,0.680256
0,12.860000,1.246628,0.667772,0.667824
0,12.870000,1.253243,0.655272,0.655326
0,12.880000,1.259733,0.642707,0.642762
0,12.890000,1.266097,0.630078,0.630134
0,12.900000,1.272334,0.617386,0.617443
0,12.910000,1.278445,0.604632,0.604690
0,12.920000,1.284427,0.591817,0.591877
0,12.930000,1.290281,0.578943,0.579004
0,12.940000,1.296006,0.566012,0.566074
0,12.950000,1.301601,0.553024,0.553087
0,12.960000,1.307066,0.539980,0.540046
0,12.970000,1.312400,0.526883,0.526950
0,12.980000,1.317603,0.513733,0.513801
0,12.990000,1.322675,0.500531,0.500602
0,13.000000,1.327614,0.487280,0.487352
0,13.010000,1.332420,0.473979,0.474054
0,13.020000,1.337093,0.460632,0.460708
0,13.030000,1.341633,0.447238,0.447317
0,13.040000,1.346038,0.433800,0.433881
0,13.050000,1.350308,0.420318,0.420401
0,13.060000,1.354444,0.406794,0.406880
0,13.070000,1.358444,0.393229,0.393319
0,13.080000,1.362309,0.379625,0.379718
0,13.090000,1.366037,0.365984,0.366080
0,13.100000,1.369628,0.352305,0.352405
0,13.110000,1.373083,0.338591,0.338695
0,13.120000,1.376400,0.324844,0.324952
0,13.130000,1.379579,0.311064,0.311177
0,13.140000,1.382621,0.297253,0.297371
0,13.150000,1.385524,0.283412,0.283536
0,13.160000,1.388289,0.269543,0.269673
0,13.170000,1.390915,0.255647,0.255784
0,13.180000,1.393402,0.241725,0.241871
0,13.190000,1.395750,0.227779,0.227934
0,13.200000,1.397957,0.213810,0.213975
0,13.210000,1.400026,0.199820,0.199996
0,13.220000,1.401954,0.185810,0.186000
0,13.230000,1.403742,0.171782,0.171987
0,13.240000,1.405389,0.157736,0.157959
0,13.250000,1.406896,0.143674,0.143919
0,13.260000,1.408263,0.129599,0.129870
0,13.270000,1.409488,0.115510,0.115814
0,13.280000,1.410573,0.101409,0.101755
0,13.290000,1.411517,0.087299,0.087701
0,13.300000,1.412319,0.073179,0.073658
0,13.310000,1.412980,0.059053,0.059644
0,13.320000,1.413500,0.044920,0.045694
0,13.330000,1.413878,0.030783,0.031899
0,13.340000,1.414116,0.016643,0.018615
0,13.350000,1.414211,0.002501,0.008687
0,13.360000,1.414166,-0.011641,0.014318
0,13.370000,1.413979,-0.025781,0.027164
0,13.380000,1.413650,-0.039920,0.040837
0,13.390000,1.413180,-0.054054,0.054738
0,13.400000,1.412569,-0.068183,0.068727
0,13.410000,1.411817,-0.082305,0.082757
0,13.420000,1.410923,-0.096419,0.096805
0,13.430000,1.409888,-0.110523,0.110860
0,13.440000,1.408712,-0.124616,0.124915
0,13.450000,1.407396,-0.138697,0.138966
0,13.460000,1.405939,-0.152763,0.153008
0,13.470000,1.404341,-0.166815,0.167039
0,13.480000,1.402602,-0.180850,0.181056
0,13.490000,1.400724,-0.194867,0.195058
0,13.500000,1.398705,-0.208864,0.209043
0,13.510000,1.396547,-0.222840,0.223008
0,13.520000,1.394248,-0.236794,0.236952
0,13.530000,1.391811,-0.250725,0.250874
0,13.540000,1.389234,-0.264630,0.264771
0,13.550000,1.386518,-0.278509,0.278643
0,13.560000,1.383664,-0.292360,0.292488
0,13.570000,1.380671,-0.306182,0.306304
0,13.580000,1.377540,-0.319973,0.320090
0,13.590000,1.374272,-0.333732,0.333844
0,13.600000,1.370866,-0.347458,0.347565
0,13.610000,1.367323,-0.361149,0.361252
0,13.620000,1.363643,-0.374804,0.374904
0,13.630000,1.359827,-0.388421,0.388517
0,13.640000,1.355875,-0.402000,0.402093
0,13.650000,1.351787,-0.415538,0.415628
0,13.660000,1.347564,-0.429035,0.429122
0,13.670000,1.343206,-0.442489,0.442574
0,13.680000,1.338714,-0.455899,0.455981
0,13.690000,1.334089,-0.469263,0.469343
0,13.700000,1.329329,-0.482580,0.482658
0,13.710000,1.324437,-0.495849,0.495925
0,13.720000,1.319412,-0.509068,0.509142
0,13.730000,1.314256,-0.522237,0.522309
0,13.740000,1.308968,-0.535353,0.535423
0,13.750000,1.303549,-0.548416,0.548484
0,13.760000,1.298000,-0.561424,0.561490
0,13.770000,1.292321,-0.574375,0.574441
0,13.780000,1.286512,-0.587270,0.587333
0,13.790000,1.280576,-0.600105,0.600168
0,13.800000,1.274511,-0.612881,0.612942
0,13.810000,1.268318,-0.625595,0.625655
0,13.820000,1.261999,-0.638247,0.638305
0,13.830000,1.255553,-0.650835,0.650892
0,13.840000,1.248982,-0.663357,0.663414
0,13.850000,1.242286,-0.675814,0.675869
0,13.860000,1.235466,-0.688203,0.688257
0,13.870000,1.228523,-0.700523,0.700576
0,13.880000,1.221456,-0.712773,0.712825
0,13.890000,1.214267,-0.724951,0.725003
0,13.900000,1.206957,-0.737058,0.737108
0,13.910000,1.199527,-0.749090,0.749140
0,13.920000,1.191976,-0.761048,0.761097
0,13.930000,1.184306,-0.772929,0.772978
0,13.940000,1.176517,-0.784734,0.784781
0,13.950000,1.168611,-0.796459,0.796506
0,13.960000,1.160589,-0.808105,0.808152
0,13.970000,1.152450,-0.819671,0.819716
0,13.980000,1.144195,-0.831154,0.831199
0,13.990000,1.135827,-0.842554,0.842599
0,14.000000,1.127345,-0.853870,0.853914
0,14.010000,1.118750,-0.865101,0.865144
0,14.020000,1.110043,-0.876245,0.876287
0,14.030000,1.101225,-0.887301,0.887343
0,14.040000,1.092297,-0.898269,0.898310
0,14.050000,1.083260,-0.909147,0.909188
0,14.060000,1.074114,-0.919934,0.919974
0,14.070000,1.064862,-0.930629,0.930669
0,14.080000,1.055502,-0.941231,0.941270
0,14.090000,1.046037,-0.951738,0.951778
0,14.100000,1.036468,-0.962151,0.962190
0,14.110000,1.026795,-0.972467,0.972506
0,14.120000,1.017019,-0.982687,0.982725
0,14.130000,1.007141,-0.992807,0.992845
0,14.140000,0.997163,-1.002829,1.002866
0,14.150000,0.987085,-1.012750,1.012787
0,14.160000,0.976908,-1.022570,1.022607
0,14.170000,0.966634,-1.032288,1.032324
0,14.180000,0.956263,-1.041903,1.041939
0,14.190000,0.945796,-1.051413,1.051449
0,14.200000,0.935235,-1.060818,1.060854
0,14.210000,0.924580,-1.070118,1.070152
0,14.220000,0.913833,-1.079310,1.079344
0,14.230000,0.902994,-1.088394,1.088428
0,14.240000,0.892065,-1.097369,1.097403
0,14.250000,0.881047,-1.106235,1.106269
0,14.260000,0.869941,-1.114990,1.115023
0,14.270000,0.858748,-1.123633,1.123667
0,14.280000,0.847469,-1.132165,1.132198
0,14.290000,0.836105,-1.140583,1.140615
0,14.300000,0.824658,-1.148886,1.148919
0,14.310000,0.813128,-1.157075,1.157108
0,14.320000,0.801516,-1.165149,1.165181
0,14.330000,0.789825,-1.173105,1.173137
0,14.340000,0.778055,-1.180945,1.180977
0,14.350000,0.766207,-1.188666,1.188698
0,14.360000,0.754282,-1.196269,1.196300
0,14.370000,0.742282,-1.203752,1.203783
0,14.380000,0.730207,-1.211114,1.211145
0,14.390000,0.718060,-1.218356,1.218386
0,14.400000,0.705840,-1.225475,1.225506
0,14.410000,0.693551,-1.232472,1.232502
0,14.420000,0.681191,-1.239346,1.239376
0,14.430000,0.668764,-1.246096,1.246126
0,14.440000,0.656270,-1.252721,1.252751
0,14.450000,0.643710,-1.259221,1.259251
0,14.460000,0.631086,-1.265595,1.265624
0,14.470000,0.618399,-1.271842,1.271872
0,14.480000,0.605649,-1.277963,1.277992
0,14.490000,0.592840,-1.283955,1.283984
0,14.500000,0.579971,-1.289819,1.289848
0,14.510000,0.567044,-1.295554,1.295583
0,14.520000,0.554060,-1.301160,1.301189
0,14.530000,0.541021,-1.306635,1.306664
0,14.540000,0.527928,-1.311980,1.312009
0,14.550000,0.514782,-1.317194,1.317222
0,14.560000,0.501584,-1.322276,1.322304
0,14.570000,0.488337,-1.327225,1.327254
0,14.580000,0.475040,-1.332042,1.332070
0,14.590000,0.461696,-1.336726,1.336754
0,14.600000,0.448306,-1.341276,1.341304
0,14.610000,0.434871,-1.345692,1.345720
0,14.620000,0.421393,-1.349973,1.350001
0,14.630000,0.407872,-1.354120,1.354147
0,14.640000,0.394311,-1.358131,1.358158
0,14.650000,0.380710,-1.362006,1.362033
0,14.660000,0.367071,-1.365745,1.365772
0,14.670000,0.353396,-1.369347,1.369374
0,14.680000,0.339685,-1.372813,1.372840
0,14.690000,0.325940,-1.376141,1.376168
0,14.700000,0.312162,-1.379331,1.379358
0,14.710000,0.298354,-1.382384,1.382411
0,14.720000,0.284515,-1.385298,1.385325
0,14.730000,0.270648,-1.388074,1.388101
0,14.740000,0.256754,-1.390711,1.390738
0,14.750000,0.242834,-1.393209,1.393236
0,14.760000,0.228890,-1.395568,1.395594
0,14.770000,0.214924,-1.397787,1.397814
0,14.780000,0.200935,-1.399866,1.399893
0,14.790000,0.186927,-1.401805,1.401832
0,14.800000,0.172900,-1.403605,1.403631
0,14.810000,0.158855,-1.405263,1.405290
0,14.820000,0.144795,-1.406782,1.406808
0,14.830000,0.130720,-1.408159,1.408186
0,14.840000,0.116632,-1.409396,1.409422
0,14.850000,0.102533,-1.410492,1.410518
0,14.860000,0.088423,-1.411447,1.411473
0,14.870000,0.074304,-1.412260,1.412287
0,14.880000,0.060178,-1.412933,1.412959
0,14.890000,0.046046,-1.413464,1.413490
0,14.900000,0.031909,-1.413854,1.413880
0,14.910000,0.017769,-1.414102,1.414128
0,14.920000,0.003628,-1.414209,1.414235
0,14.930000,-0.010514,-1.414174,1.414201
0,14.940000,-0.024655,-1.413999,1.414025
0,14.950000,-0.038794,-1.413681,1.413708
0,14.960000,-0.052929,-1.413223,1.413249
0,14.970000,-0.067058,-1.412623,1.412649
0,14.980000,-0.081181,-1.411882,1.411908
0,14.990000,-0.095295,-1.410999,1.411026
0,15.000000,-0.109400,-1.409976,1.410002
0,15.010000,-0.123494,-1.408811,1.408838
0,15.020000,-0.137576,-1.407506,1.407532
0,15.030000,-0.151644,-1.406060,1.406086
0,15.040000,-0.165697,-1.404473,1.404500
0,15.050000,-0.179733,-1.402746,1.402773
0,15.060000,-0.193751,-1.400878,1.400905
0,15.070000,-0.207750,-1.398871,1.398898
0,15.080000,-0.221728,-1.396724,1.396750
0,15.090000,-0.235684,-1.394436,1.394463
0,15.100000,-0.249616,-1.392010,1.392037
0,15.110000,-0.263524,-1.389444,1.389471
0,15.120000,-0.277405,-1.386740,1.386767
0,15.130000,-0.291258,-1.383896,1.383923
0,15.140000,-0.305082,-1.380915,1.380942
0,15.150000,-0.318876,-1.377795,1.377822
0,15.160000,-0.332638,-1.374537,1.374564
0,15.170000,-0.346366,-1.371142,1.371169
0,15.180000,-0.360060,-1.367610,1.367637
0,15.190000,-0.373718,-1.363941,1.363968
0,15.200000,-0.387338,-1.360136,1.360163
0,15.210000,-0.400920,-1.356194,1.356222
0,15.220000,-0.414462,-1.352117,1.352145
0,15.230000,-0.427962,-1.347905,1.347933
0,15.240000,-0.441419,-1.343558,1.343586
0,15.250000,-0.454833,-1.339077,1.339105
0,15.260000,-0.468200,-1.334462,1.334490
0,15.270000,-0.481521,-1.329713,1.329741
0,15.280000,-0.494794,-1.324832,1.324860
0,15.290000,-0.508018,-1.319817,1.319846
0,15.300000,-0.521190,-1.314671,1.314700
0,15.310000,-0.534311,-1.309394,1.309422
0,15.320000,-0.547378,-1.303985,1.304014
0,15.330000,-0.560390,-1.298446,1.298475
0,15.340000,-0.573346,-1.292778,1.292807
0,15.350000,-0.586245,-1.286980,1.287009
0,15.360000,-0.599085,-1.281053,1.281082
0,15.370000,-0.611866,-1.274998,1.275028
0,15.380000,-0.624585,-1.268816,1.268845
0,15.390000,-0.637242,-1.262507,1.262536
0,15.400000,-0.649835,-1.256071,1.256101
0,15.410000,-0.662363,-1.249510,1.249540
0,15.420000,-0.674824,-1.242824,1.242854
0,15.430000,-0.687219,-1.236014,1.236044
0,15.440000,-0.699544,-1.229080,1.229111
0,15.450000,-0.711800,-1.222023,1.222054
0,15.460000,-0.723984,-1.214844,1.214875
0,15.470000,-0.736096,-1.207544,1.207575
0,15.480000,-0.748135,-1.200123,1.200154
0,15.490000,-0.760098,-1.192581,1.192613
0,15.500000,-0.771986,-1.184921,1.184952
0,15.510000,-0.783796,-1.177142,1.177174
0,15.520000,-0.795528,-1.169245,1.169277
0,15.530000,-0.807181,-1.161232,1.161264
0,15.540000,-0.818753,-1.153102,1.153134
0,15.550000,-0.830243,-1.144857,1.144890
0,15.560000,-0.841649,-1.136497,1.136530
0,15.570000,-0.852972,-1.128024,1.128057
0,15.580000,-0.864210,-1.119438,1.119472
0,15.590000,-0.875361,-1.110740,1.110774
0,15.600000,-0.886424,-1.101931,1.101965
0,15.610000,-0.897399,-1.093012,1.093046
0,15.620000,-0.908284,-1.083984,1.084018
0,15.630000,-0.919078,-1.074847,1.074881
0,15.640000,-0.929780,-1.065602,1.065637
0,15.650000,-0.940390,-1.056251,1.056287
0,15.660000,-0.950905,-1.046795,1.046831
0,15.670000,-0.961325,-1.037234,1.037270
0,15.680000,-0.971649,-1.027569,1.027605
0,15.690000,-0.981876,-1.017801,1.017838
0,15.700000,-0.992005,-1.007931,1.007969
0,15.710000,-1.002035,-0.997961,0.997999
0,15.720000,-1.011964,-0.987891,0.987929
0,15.730000,-1.021792,-0.977722,0.977760
0,15.740000,-1.031518,-0.967456,0.967494
0,15.750000,-1.041141,-0.957092,0.957131
0,15.760000,-1.050660,-0.946633,0.946673
0,15.770000,-1.060073,-0.936079,0.936119
0,15.780000,-1.069381,-0.925432,0.925472
0,15.790000,-1.078582,-0.914692,0.914733
0,15.800000,-1.087674,-0.903861,0.903902
0,15.810000,-1.096659,-0.892939,0.892981
0,15.820000,-1.105533,-0.881928,0.881970
0,15.830000,-1.114297,-0.870829,0.870872
0,15.840000,-1.122949,-0.859642,0.859686
0,15.850000,-1.131489,-0.848370,0.848414
0,15.860000,-1.139916,-0.837013,0.837058
0,15.870000,-1.148229,-0.825572,0.825617
0,15.880000,-1.156428,-0.814049,0.814095
0,15.890000,-1.164510,-0.802444,0.802491
0,15.900000,-1.172476,-0.790759,0.790806
0,15.910000,-1.180325,-0.778995,0.779043
0,15.920000,-1.188056,-0.767153,0.767202
0,15.930000,-1.195668,-0.755234,0.755284
0,15.940000,-1.203160,-0.743240,0.743290
0,15.950000,-1.210532,-0.731171,0.731222
0,15.960000,-1.217783,-0.719030,0.719082
0,15.970000,-1.224913,-0.706816,0.706869
0,15.980000,-1.231919,-0.694532,0.694586
0,15.990000,-1.238803,-0.682178,0.682233
0,16.000000,-1.245563,-0.669756,0.669812
0,16.010000,-1.252198,-0.657267,0.657324
0,16.020000,-1.258708,-0.644713,0.644771
0,16.030000,-1.265092,-0.632094,0.632153
0,16.040000,-1.271350,-0.619411,0.619472
0,16.050000,-1.277480,-0.606667,0.606729
0,16.060000,-1.283483,-0.593862,0.593925
0,16.070000,-1.289357,-0.580998,0.581062
0,16.080000,-1.295102,-0.568075,0.568141
0,16.090000,-1.300718,-0.555096,0.555163
0,16.100000,-1.306204,-0.542061,0.542130
0,16.110000,-1.311559,-0.528972,0.529043
0,16.120000,-1.316783,-0.515831,0.515903
0,16.130000,-1.321876,-0.502637,0.502712
0,16.140000,-1.326836,-0.489394,0.489470
0,16.150000,-1.331664,-0.476101,0.476179
0,16.160000,-1.336358,-0.462761,0.462841
0,16.170000,-1.340919,-0.449374,0.449457
0,16.180000,-1.345345,-0.435943,0.436029
0,16.190000,-1.349637,-0.422468,0.422556
0,16.200000,-1.353794,-0.408951,0.409042
0,16.210000,-1.357816,-0.395392,0.395487
0,16.220000,-1.361702,-0.381795,0.381893
0,16.230000,-1.365452,-0.368159,0.368260
0,16.240000,-1.369065,-0.354486,0.354591
0,16.250000,-1.372542,-0.340778,0.340888
0,16.260000,-1.375881,-0.327036,0.327150
0,16.270000,-1.379082,-0.313261,0.313380
0,16.280000,-1.382146,-0.299454,0.299579
0,16.290000,-1.385071,-0.285618,0.285749
0,16.300000,-1.387858,-0.271754,0.271891
0,16.310000,-1.390506,-0.257862,0.258006
0,16.320000,-1.393015,-0.243944,0.244097
0,16.330000,-1.395385,-0.230002,0.230164
0,16.340000,-1.397615,-0.216037,0.216210
0,16.350000,-1.399706,-0.202050,0.202235
0,16.360000,-1.401656,-0.188043,0.188242
0,16.370000,-1.403466,-0.174017,0.174232
0,16.380000,-1.405136,-0.159974,0.160208
0,16.390000,-1.406666,-0.145915,0.146171
0,16.400000,-1.408055,-0.131841,0.132124
0,16.410000,-1.409303,-0.117754,0.118071
0,16.420000,-1.410410,-0.103656,0.104015
0,16.430000,-1.411376,-0.089547,0.089963
0,16.440000,-1.412201,-0.075429,0.075922
0,16.450000,-1.412884,-0.061303,0.061908
0,16.460000,-1.413427,-0.047171,0.047955
0,16.470000,-1.413828,-0.033035,0.034141
0,16.480000,-1.414087,-0.018895,0.020761
0,16.490000,-1.414206,-0.004754,0.009806
0,16.500000,-1.414182,0.009388,0.012717
0,16.510000,-1.414018,0.023529,0.025130
0,16.520000,-1.413712,0.037668,0.038702
0,16.530000,-1.413264,0.051803,0.052563
0,16.540000,-1.412676,0.065933,0.066533
0,16.550000,-1.411946,0.080056,0.080551
0,16.560000,-1.411075,0.094171,0.094593
0,16.570000,-1.410062,0.108277,0.108644
0,16.580000,-1.408909,0.122372,0.122697
0,16.590000,-1.407615,0.136455,0.136746
0,16.600000,-1.406180,0.150524,0.150788
0,16.610000,-1.404605,0.164578,0.164820
0,16.620000,-1.402889,0.178616,0.178838
0,16.630000,-1.401032,0.192635,0.192842
0,16.640000,-1.399036,0.206636,0.206828
0,16.650000,-1.396900,0.220616,0.220796
0,16.660000,-1.394624,0.234573,0.234743
0,16.670000,-1.392208,0.248508,0.248668
0,16.680000,-1.389654,0.262417,0.262569
0,16.690000,-1.386960,0.276300,0.276444
0,16.700000,-1.384128,0.290156,0.290293
0,16.710000,-1.381157,0.303982,0.304113
0,16.720000,-1.378048,0.317778,0.317904
0,16.730000,-1.374802,0.331543,0.331663
0,16.740000,-1.371417,0.345274,0.345389
0,16.750000,-1.367896,0.358971,0.359082
0,16.760000,-1.364238,0.372632,0.372738
0,16.770000,-1.360444,0.386255,0.386358
0,16.780000,-1.356513,0.399840,0.399940
0,16.790000,-1.352447,0.413385,0.413481
0,16.800000,-1.348246,0.426888,0.426982
0,16.810000,-1.343909,0.440349,0.440440
0,16.820000,-1.339439,0.453766,0.453854
0,16.830000,-1.334834,0.467138,0.467223
0,16.840000,-1.330096,0.480462,0.480545
0,16.850000,-1.325225,0.493739,0.493820
0,16.860000,-1.320222,0.506966,0.507045
0,16.870000,-1.315086,0.520143,0.520220
0,16.880000,-1.309819,0.533268,0.533342
0,16.890000,-1.304421,0.546339,0.546412
0,16.900000,-1.298892,0.559356,0.559427
0,16.910000,-1.293234,0.572316,0.572386
0,16.920000,-1.287446,0.585220,0.585288
0,16.930000,-1.281530,0.598065,0.598132
0,16.940000,-1.275485,0.610850,0.610915
0,16.950000,-1.269313,0.623574,0.623638
0,16.960000,-1.263014,0.636236,0.636299
0,16.970000,-1.256588,0.648834,0.648895
0,16.980000,-1.250037,0.661367,0.661428
0,16.990000,-1.243361,0.673834,0.673894
0,17.000000,-1.236561,0.686234,0.686292
0,17.010000,-1.229637,0.698565,0.698622
0,17.020000,-1.222590,0.710826,0.710883
0,17.030000,-1.215420,0.723017,0.723072
0,17.040000,-1.208130,0.735134,0.735189
0,17.050000,-1.200718,0.747179,0.747232
0,17.060000,-1.193186,0.759148,0.759201
0,17.070000,-1.185535,0.771042,0.771094
0,17.080000,-1.177766,0.782859,0.782910
0,17.090000,-1.169878,0.794597,0.794647
0,17.100000,-1.161874,0.806256,0.806305
0,17.110000,-1.153754,0.817834,0.817883
0,17.120000,-1.145518,0.829331,0.829379
0,17.130000,-1.137167,0.840744,0.840792
0,17.140000,-1.128703,0.852074,0.852120
0,17.150000,-1.120126,0.863318,0.863364
0,17.160000,-1.111437,0.874476,0.874521
0,17.170000,-1.102637,0.885546,0.885591
0,17.180000,-1.093726,0.896528,0.896573
0,17.190000,-1.084707,0.907420,0.907464
0,17.200000,-1.075578,0.918222,0.918265
0,17.210000,-1.066342,0.928932,0.928974
0,17.220000,-1.057000,0.939548,0.939591
0,17.230000,-1.047552,0.950071,0.950113
0,17.240000,-1.037999,0.960499,0.960541
0,17.250000,-1.028342,0.970831,0.970872
0,17.260000,-1.018583,0.981066,0.981106
0,17.270000,-1.008721,0.991202,0.991242
0,17.280000,-0.998759,1.001240,1.001279
0,17.290000,-0.988697,1.011177,1.011216
0,17.300000,-0.978536,1.021013,1.021052
0,17.310000,-0.968277,1.030747,1.030786
0,17.320000,-0.957921,1.040378,1.040417
0,17.330000,-0.947470,1.049905,1.049943
0,17.340000,-0.936923,1.059328,1.059365
0,17.350000,-0.926283,1.068644,1.068681
0,17.360000,-0.915551,1.077853,1.077890
0,17.370000,-0.904727,1.086954,1.086991
0,17.380000,-0.893812,1.095947,1.095983
0,17.390000,-0.882808,1.104830,1.104866
0,17.400000,-0.871716,1.113603,1.113639
0,17.410000,-0.860536,1.122264,1.122300
0,17.420000,-0.849271,1.130813,1.130849
0,17.430000,-0.837920,1.139249,1.139284
0,17.440000,-0.826486,1.147572,1.147606
0,17.450000,-0.814969,1.155779,1.155813
0,17.460000,-0.803371,1.163871,1.163905
0,17.470000,-0.791692,1.171846,1.171880
0,17.480000,-0.779935,1.179704,1.179738
0,17.490000,-0.768099,1.187444,1.187478
0,17.500000,-0.756186,1.195066,1.195099
0,17.510000,-0.744198,1.202568,1.202601
0,17.520000,-0.732135,1.209950,1.209983
0,17.530000,-0.719999,1.217210,1.217243
0,17.540000,-0.707791,1.224349,1.224382
0,17.550000,-0.695513,1.231366,1.231398
0,17.560000,-0.683164,1.238259,1.238292
0,17.570000,-0.670748,1.245029,1.245061
0,17.580000,-0.658264,1.251674,1.251706
0,17.590000,-0.645715,1.258194,1.258226
0,17.600000,-0.633101,1.264588,1.264620
0,17.610000,-0.620423,1.270856,1.270887
0,17.620000,-0.607684,1.276997,1.277028
0,17.630000,-0.594884,1.283009,1.283040
0,17.640000,-0.582024,1.288894,1.288925
0,17.650000,-0.569106,1.294650,1.294680
0,17.660000,-0.556132,1.300276,1.300307
0,17.670000,-0.543101,1.305772,1.305803
0,17.680000,-0.530017,1.311138,1.311168
0,17.690000,-0.516879,1.316372,1.316403
0,17.700000,-0.503690,1.321475,1.321505
0,17.710000,-0.490450,1.326446,1.326476
0,17.720000,-0.477161,1.331284,1.331314
0,17.730000,-0.463825,1.335989,1.336019
0,17.740000,-0.450442,1.340560,1.340590
0,17.750000,-0.437014,1.344998,1.345027
0,17.760000,-0.423542,1.349300,1.349330
0,17.770000,-0.410028,1.353468,1.353498
0,17.780000,-0.396473,1.357501,1.357530
0,17.790000,-0.382879,1.361398,1.361427
0,17.800000,-0.369246,1.365158,1.365188
0,17.810000,-0.355576,1.368783,1.368812
0,17.820000,-0.341871,1.372270,1.372299
0,17.830000,-0.328131,1.375620,1.375649
0,17.840000,-0.314359,1.378832,1.378861
0,17.850000,-0.300555,1.381907,1.381936
0,17.860000,-0.286721,1.384843,1.384872
0,17.870000,-0.272859,1.387641,1.387670
0,17.880000,-0.258969,1.390300,1.390329
0,17.890000,-0.245053,1.392821,1.392849
0,17.900000,-0.231113,1.395201,1.395230
0,17.910000,-0.217150,1.397443,1.397471
0,17.920000,-0.203164,1.399544,1.399573
0,17.930000,-0.189159,1.401506,1.401534
0,17.940000,-0.175135,1.403327,1.403356
0,17.950000,-0.161093,1.405009,1.405037
0,17.960000,-0.147035,1.406549,1.406578
0,17.970000,-0.132963,1.407949,1.407977
0,17.980000,-0.118877,1.409208,1.409237
0,17.990000,-0.104779,1.410327,1.410355
0,18.000000,-0.090671,1.411304,1.411332
0,18.010000,-0.076553,1.412140,1.412168
0,18.020000,-0.062428,1.412835,1.412863
0,18.030000,-0.048297,1.413389,1.413417
0,18.040000,-0.034161,1.413801,1.413829
0,18.050000,-0.020021,1.414072,1.414100
0,18.060000,-0.005880,1.414201,1.414230
0,18.070000,0.008262,1.414189,1.414218
0,18.080000,0.022403,1.414036,1.414064
0,18.090000,0.036542,1.413741,1.413770
0,18.100000,0.050678,1.413305,1.413333
0,18.110000,0.064808,1.412728,1.412756
0,18.120000,0.078932,1.412009,1.412037
0,18.130000,0.093048,1.411149,1.411177
0,18.140000,0.107154,1.410148,1.410176
0,18.150000,0.121250,1.409006,1.409034
0,18.160000,0.135334,1.407723,1.407752
0,18.170000,0.149404,1.406300,1.406328
0,18.180000,0.163460,1.404735,1.404764
0,18.190000,0.177498,1.403030,1.403059
0,18.200000,0.191520,1.401185,1.401214
0,18.210000,0.205522,1.399200,1.399229
0,18.220000,0.219503,1.397075,1.397103
0,18.230000,0.233463,1.394810,1.394839
0,18.240000,0.247399,1.392406,1.392434
0,18.250000,0.261310,1.389862,1.389891
0,18.260000,0.275196,1.387180,1.387208
0,18.270000,0.289054,1.384358,1.384387
0,18.280000,0.302882,1.381399,1.381427
0,18.290000,0.316681,1.378301,1.378330
0,18.300000,0.330448,1.375065,1.375094
0,18.310000,0.344182,1.371692,1.371721
0,18.320000,0.357881,1.368182,1.368211
0,18.330000,0.371545,1.364534,1.364564
0,18.340000,0.385172,1.360751,1.360780
0,18.350000,0.398760,1.356831,1.356861
0,18.360000,0.412308,1.352776,1.352805
0,18.370000,0.425815,1.348585,1.348615
0,18.380000,0.439279,1.344260,1.344289
0,18.390000,0.452699,1.339800,1.339829
0,18.400000,0.466075,1.335206,1.335236
0,18.410000,0.479403,1.330478,1.330508
0,18.420000,0.492684,1.325618,1.325648
0,18.430000,0.505915,1.320625,1.320655
0,18.440000,0.519096,1.315500,1.315530
0,18.450000,0.532225,1.310243,1.310274
0,18.460000,0.545300,1.304855,1.304886
0,18.470000,0.558321,1.299337,1.299368
0,18.480000,0.571286,1.293689,1.293720
0,18.490000,0.584195,1.287912,1.287943
0,18.500000,0.597044,1.282006,1.282037
0,18.510000,0.609834,1.275971,1.276002
0,18.520000,0.622563,1.269809,1.269840
0,18.530000,0.635230,1.263520,1.263552
0,18.540000,0.647833,1.257105,1.257136
0,18.550000,0.660372,1.250564,1.250595
0,18.560000,0.672844,1.243897,1.243929
0,18.570000,0.685249,1.237107,1.237139
0,18.580000,0.697586,1.230193,1.230225
0,18.590000,0.709853,1.223155,1.223188
0,18.600000,0.722049,1.215996,1.216029
0,18.610000,0.734172,1.208715,1.208748
0,18.620000,0.746222,1.201313,1.201346
0,18.630000,0.758198,1.193790,1.193824
0,18.640000,0.770098,1.186149,1.186183
0,18.650000,0.781921,1.178389,1.178423
0,18.660000,0.793665,1.170511,1.170545
0,18.670000,0.805330,1.162516,1.162550
0,18.680000,0.816915,1.154404,1.154439
0,18.690000,0.828418,1.146178,1.146212
0,18.700000,0.839838,1.137836,1.137871
0,18.710000,0.851174,1.129381,1.129417
0,18.720000,0.862426,1.120813,1.120849
0,18.730000,0.873590,1.112133,1.112169
0,18.740000,0.884668,1.103342,1.103378
0,18.750000,0.895657,1.094440,1.094476
0,18.760000,0.906556,1.085429,1.085466
0,18.770000,0.917365,1.076309,1.076346
0,18.780000,0.928082,1.067082,1.067119
0,18.790000,0.938706,1.057748,1.057785
0,18.800000,0.949237,1.048308,1.048346
0,18.810000,0.959672,1.038763,1.038802
0,18.820000,0.970012,1.029115,1.029154
0,18.830000,0.980254,1.019363,1.019403
0,18.840000,0.990399,1.009510,1.009550
0,18.850000,1.000444,0.999556,0.999596
0,18.860000,1.010389,0.989502,0.989542
0,18.870000,1.020234,0.979348,0.979389
0,18.880000,1.029976,0.969097,0.969138
0,18.890000,1.039615,0.958749,0.958791
0,18.900000,1.049151,0.948305,0.948347
0,18.910000,1.058581,0.937767,0.937809
0,18.920000,1.067906,0.927134,0.927177
0,18.930000,1.077123,0.916409,0.916452
0,18.940000,1.086234,0.905592,0.905636
0,18.950000,1.095235,0.894684,0.894729
0,18.960000,1.104127,0.883688,0.883733
0,18.970000,1.112908,0.872602,0.872648
0,18.980000,1.121579,0.861430,0.861476
0,18.990000,1.130137,0.850171,0.850218
0,19.000000,1.138582,0.838827,0.838875
0,19.010000,1.146913,0.827400,0.827448
0,19.020000,1.155130,0.815890,0.815938
0,19.030000,1.163231,0.804298,0.804347
0,19.040000,1.171215,0.792625,0.792676
0,19.050000,1.179083,0.780874,0.780925
0,19.060000,1.186832,0.769044,0.769096
0,19.070000,1.194463,0.757137,0.757190
0,19.080000,1.201975,0.745155,0.745209
0,19.090000,1.209366,0.733098,0.733153
0,19.100000,1.216637,0.720968,0.721023
0,19.110000,1.223785,0.708766,0.708822
0,19.120000,1.230812,0.696493,0.696550
0,19.130000,1.237715,0.684150,0.684208
0,19.140000,1.244495,0.671739,0.671798
0,19.150000,1.251150,0.659261,0.659321
0,19.160000,1.257680,0.646716,0.646778
0,19.170000,1.264084,0.634108,0.634170
0,19.180000,1.270361,0.621435,0.621499
0,19.190000,1.276512,0.608701,0.608766
0,19.200000,1.282535,0.595905,0.595972
0,19.210000,1.288430,0.583050,0.583119
0,19.220000,1.294196,0.570137,0.570207
0,19.230000,1.299833,0.557167,0.557238
0,19.240000,1.305339,0.544141,0.544214
0,19.250000,1.310715,0.531061,0.531136
0,19.260000,1.315960,0.517927,0.518004
0,19.270000,1.321074,0.504742,0.504821
0,19.280000,1.326055,0.491506,0.491587
0,19.290000,1.330904,0.478221,0.478305
0,19.300000,1.335619,0.464888,0.464974
0,19.310000,1.340201,0.451509,0.451597
0,19.320000,1.344649,0.438085,0.438176
0,19.330000,1.348963,0.424617,0.424711
0,19.340000,1.353141,0.411106,0.411203
0,19.350000,1.357185,0.397554,0.397655
0,19.360000,1.361092,0.383963,0.384067
0,19.370000,1.364864,0.370333,0.370441
0,19.380000,1.368499,0.356666,0.356778
0,19.390000,1.371997,0.342963,0.343080
0,19.400000,1.375358,0.329227,0.329348
0,19.410000,1.378582,0.315457,0.315583
0,19.420000,1.381667,0.301655,0.301787
0,19.430000,1.384615,0.287824,0.287962
0,19.440000,1.387423,0.273964,0.274109
0,19.450000,1.390094,0.260076,0.260229
0,19.460000,1.392625,0.246162,0.246324
0,19.470000,1.395017,0.232224,0.232395
0,19.480000,1.397269,0.218262,0.218445
0,19.490000,1.399382,0.204279,0.204474
0,19.500000,1.401355,0.190275,0.190484
0,19.510000,1.403187,0.176252,0.176478
0,19.520000,1.404880,0.162212,0.162457
0,19.530000,1.406432,0.148155,0.148424
0,19.540000,1.407843,0.134084,0.134380
0,19.550000,1.409113,0.119999,0.120330
0,19.560000,1.410243,0.105902,0.106277
0,19.570000,1.411231,0.091794,0.092227
0,19.580000,1.412079,0.077678,0.078188
0,19.590000,1.412785,0.063553,0.064176
0,19.600000,1.413350,0.049422,0.050220
0,19.610000,1.413773,0.035287,0.036393
0,19.620000,1.414055,0.021147,0.022939
0,19.630000,1.414196,0.007006,0.011296
0,19.640000,1.414196,-0.007136,0.011377
0,19.650000,1.414053,-0.021277,0.023146
0,19.660000,1.413770,-0.035417,0.036587
0,19.670000,1.413345,-0.049552,0.050399
0,19.680000,1.412779,-0.063683,0.064346
0,19.690000,1.412072,-0.077807,0.078351
0,19.700000,1.411223,-0.091924,0.092385
0,19.710000,1.410233,-0.106031,0.106431
0,19.720000,1.409102,-0.120128,0.120481
0,19.730000,1.407831,-0.134213,0.134529
0,19.740000,1.406418,-0.148284,0.148571
0,19.750000,1.404865,-0.162341,0.162603
0,19.760000,1.403171,-0.176381,0.176622
0,19.770000,1.401337,-0.190404,0.190627
0,19.780000,1.399363,-0.204407,0.204615
0,19.790000,1.397249,-0.218391,0.218585
0,19.800000,1.394996,-0.232352,0.232535
0,19.810000,1.392602,-0.246290,0.246463
0,19.820000,1.390070,-0.260204,0.260367
0,19.830000,1.387398,-0.274091,0.274246
0,19.840000,1.384588,-0.287951,0.288099
0,19.850000,1.381639,-0.301782,0.301923
0,19.860000,1.378553,-0.315583,0.315718
0,19.870000,1.375328,-0.329353,0.329482
0,19.880000,1.371966,-0.343089,0.343213
0,19.890000,1.368466,-0.356792,0.356911
0,19.900000,1.364830,-0.370458,0.370573
0,19.910000,1.361057,-0.384088,0.384199
0,19.920000,1.357148,-0.397679,0.397786
0,19.930000,1.353104,-0.411230,0.411334
0,19.940000,1.348924,-0.424741,0.424841
0,19.950000,1.344609,-0.438208,0.438305
0,19.960000,1.340160,-0.451632,0.451727
0,19.970000,1.335577,-0.465011,0.465103
0,19.980000,1.330860,-0.478343,0.478432
0,19.990000,1.326010,-0.491628,0.491714
0,20.000000,1.321027,-0.504863,0.504947

